Survived,Pclass,Age,SibSp,Parch,Fare,FamilySize,IsAlone,FarePerPerson,Embarked_le,AgeGroup_le,Title_le,FareGroup_le,Gender_oh
0,3,-0.5292143020647938,1,0,-0.5024451714361923,0.059159876663617626,0,3.625,2,0,2,1,1.0
1,1,0.6573659702833351,1,0,0.7868452935884461,0.059159876663617626,0,35.64165,0,0,3,3,0.0
1,3,-0.23256923397776158,0,0,-0.4888542575852486,-0.5609748304808925,1,7.925,2,0,1,2,0.0
1,1,0.43488216921806094,1,0,0.4207302360686478,0.059159876663617626,0,26.55,2,0,3,3,0.0
0,3,0.43488216921806094,0,0,-0.4863374216869257,-0.5609748304808925,1,8.05,2,0,2,2,1.0
0,3,-0.23256923397776158,0,0,-0.47811642890864375,-0.5609748304808925,1,8.4583,1,0,2,0,1.0
0,1,1.843946242631464,0,0,0.395813560675251,-0.5609748304808925,1,51.8625,2,2,2,3,1.0
0,3,-2.012439642499955,3,1,-0.22408312108167944,1.9195639980971482,0,4.215,2,1,0,1,1.0
1,3,-0.1584079669560035,0,2,-0.4242561406845337,0.6792945838081278,0,3.7111,2,0,3,1,0.0
1,2,-1.1225044382388583,1,0,-0.04295550208861426,0.059159876663617626,0,15.0354,0,0,3,0,0.0
1,3,-1.8641171084564387,1,1,-0.312172377522981,0.6792945838081278,0,5.566666666666666,2,1,1,1,0.0
1,1,2.1405913107184964,0,0,-0.11384570873513637,-0.5609748304808925,1,26.55,2,2,1,3,0.0
0,3,-0.67753683610831,0,0,-0.4863374216869257,-0.5609748304808925,1,8.05,2,0,2,2,1.0
0,3,0.7315272373050932,1,5,-0.01870931177853076,3.1598334123861687,0,4.4678571428571425,2,0,2,1,1.0
0,3,-1.1225044382388583,0,0,-0.4902797934380587,-0.5609748304808925,1,7.8542,2,0,1,2,0.0
1,2,1.918107509653222,0,0,-0.3262666585535892,-0.5609748304808925,1,16.0,2,2,3,0,0.0
0,3,-2.012439642499955,4,1,-0.06199888922968463,2.5396987052416584,0,4.854166666666667,1,1,0,1,1.0
1,2,0.1382371011310287,0,0,-0.3866707201133388,-0.5609748304808925,1,13.0,2,0,2,0,1.0
0,3,0.1382371011310287,1,0,-0.2859972841804228,0.059159876663617626,0,9.0,2,0,3,0,0.0
1,3,0.1382371011310287,0,0,-0.5029485386158568,-0.5609748304808925,1,7.225,0,0,3,1,0.0
0,2,0.43488216921806094,0,0,-0.12491978668775715,-0.5609748304808925,1,26.0,2,0,2,3,1.0
1,2,0.3607209021963029,0,0,-0.3866707201133388,-0.5609748304808925,1,13.0,2,0,2,0,1.0
1,3,-1.0483431712171,0,0,-0.4867562231804066,-0.5609748304808925,1,8.0292,1,0,1,2,0.0
1,1,-0.08424669993424547,0,0,0.06635974158478332,-0.5609748304808925,1,35.5,2,0,2,3,1.0
0,3,-1.5674720403694067,3,1,-0.22408312108167944,1.9195639980971482,0,4.215,2,1,1,1,0.0
1,3,0.6573659702833351,1,5,-0.016444159470040135,3.1598334123861687,0,4.483928571428572,2,0,3,1,0.0
0,3,-0.23256923397776158,0,0,-0.5029485386158568,-0.5609748304808925,1,7.225,0,0,2,1,1.0
0,1,-0.751698103130068,3,2,4.647001076532463,2.5396987052416584,0,43.833333333333336,2,0,2,3,1.0
1,3,-0.825859370151826,0,0,-0.48977642625839407,-0.5609748304808925,1,7.8792,1,0,1,2,0.0
0,3,-0.23256923397776158,0,0,-0.4894421904510968,-0.5609748304808925,1,7.8958,2,0,2,2,1.0
0,1,0.8056885043268512,0,0,-0.09027201697708476,-0.5609748304808925,1,27.7208,0,0,4,3,1.0
1,1,0.8056885043268512,1,0,2.301728820789,0.059159876663617626,0,73.2604,0,0,3,3,0.0
1,3,-0.825859370151826,0,0,-0.49237782784290063,-0.5609748304808925,1,7.75,1,0,1,2,0.0
0,2,2.7338814468925605,0,0,-0.43700743807979686,-0.5609748304808925,1,10.5,2,2,2,0,1.0
0,1,-0.08424669993424547,1,0,1.0060617003323709,0.059159876663617626,0,41.0854,0,0,2,3,1.0
0,1,0.9540110383703673,1,0,0.39858208016340624,0.059159876663617626,0,26.0,2,0,2,3,1.0
1,3,-0.23256923397776158,0,0,-0.5028639729296732,-0.5609748304808925,1,7.2292,0,0,2,1,1.0
0,3,-0.6033755690865519,0,0,-0.4863374216869257,-0.5609748304808925,1,8.05,2,0,2,2,1.0
0,3,-0.825859370151826,2,0,-0.2859972841804228,0.6792945838081278,0,6.0,2,0,1,1,0.0
1,3,-1.1225044382388583,1,0,-0.42207354059350805,0.059159876663617626,0,5.62085,0,0,1,1,0.0
0,3,0.8056885043268512,1,0,-0.4576454924460446,0.059159876663617626,0,4.7375,2,0,3,1,0.0
0,2,-0.1584079669560035,1,0,-0.22559322262067316,0.059159876663617626,0,10.5,2,0,3,0,0.0
0,3,-0.23256923397776158,0,0,-0.4894421904510968,-0.5609748304808925,1,7.8958,0,0,2,2,1.0
1,2,-1.938278375478197,1,2,0.18876253192945994,1.299429290952638,0,10.3948,0,1,1,0,0.0
1,3,-0.751698103130068,0,0,-0.48977642625839407,-0.5609748304808925,1,7.8792,1,0,1,2,0.0
0,3,-0.23256923397776158,0,0,-0.4863374216869257,-0.5609748304808925,1,8.05,2,0,2,2,1.0
0,3,-0.23256923397776158,1,0,-0.3363340021468808,0.059159876663617626,0,7.75,1,0,2,2,1.0
1,3,-0.825859370151826,0,0,-0.49237782784290063,-0.5609748304808925,1,7.75,1,0,1,2,0.0
0,3,-0.23256923397776158,2,0,-0.21191774308354583,0.6792945838081278,0,7.226400000000001,0,0,2,1,1.0
0,3,-0.825859370151826,1,0,-0.29002422161773944,0.059159876663617626,0,8.9,2,0,3,0,0.0
0,3,-1.6416333073911646,4,1,0.1506737441786005,2.5396987052416584,0,6.614583333333333,2,1,0,1,1.0
0,3,-0.6033755690865519,0,0,-0.4913710934835715,-0.5609748304808925,1,7.8,2,0,2,2,1.0
1,1,1.4731399075226737,1,0,0.8964967865378598,0.059159876663617626,0,38.3646,0,2,3,3,0.0
1,2,-0.010085432912487412,1,0,-0.12491978668775715,0.059159876663617626,0,13.0,2,0,3,0,0.0
0,1,2.659720179870803,0,1,0.5995101505357573,0.059159876663617626,0,30.9896,0,2,2,3,1.0
1,1,0.8056885043268512,0,0,0.06635974158478332,-0.5609748304808925,1,35.5,2,0,2,3,1.0
1,2,-0.6033755690865519,0,0,-0.43700743807979686,-0.5609748304808925,1,10.5,2,0,1,0,0.0
0,3,-0.04716606642336644,0,0,-0.5028639729296732,-0.5609748304808925,1,7.2292,0,0,2,1,1.0
1,2,-1.7899558414346808,1,2,-0.08968408411123653,1.299429290952638,0,6.9375,2,1,1,1,0.0
0,3,-1.3449882393041324,5,2,0.2958951755118318,3.779968119530679,0,5.8625,2,1,0,1,1.0
0,3,-0.5292143020647938,0,0,-0.5028639729296732,-0.5609748304808925,1,7.2292,0,0,2,1,1.0
1,1,0.6573659702833351,0,0,0.962353321387736,-0.5609748304808925,1,80.0,0,0,1,3,0.0
0,1,1.1764948394356414,1,0,1.0323213593611125,0.059159876663617626,0,41.7375,2,0,2,3,1.0
0,3,-1.8641171084564387,3,2,-0.08666388103324908,2.5396987052416584,0,4.6499999999999995,2,1,0,1,1.0
0,1,0.8056885043268512,0,0,-0.09027201697708476,-0.5609748304808925,1,27.7208,0,0,2,3,1.0
1,3,-1.8641171084564387,1,1,-0.3414522396297103,0.6792945838081278,0,5.081933333333333,0,1,0,1,1.0
1,2,-0.010085432912487412,0,0,-0.43700743807979686,-0.5609748304808925,1,10.5,2,0,3,0,0.0
0,3,-0.751698103130068,0,0,-0.4841568350646187,-0.5609748304808925,1,8.1583,2,0,2,2,1.0
1,3,-0.900020637173584,4,2,-0.4888542575852486,3.1598334123861687,0,1.1321428571428571,2,0,1,1,0.0
0,3,-0.23256923397776158,2,0,-0.47400492578514347,0.6792945838081278,0,2.8874999999999997,2,0,2,1,1.0
0,2,0.21239836815278676,0,0,-0.43700743807979686,-0.5609748304808925,1,10.5,2,0,2,0,1.0
0,3,-0.9741819041953421,5,2,0.2958951755118318,3.779968119530679,0,5.8625,2,0,1,1,0.0
0,2,-0.6033755690865519,0,0,0.8314778546749452,-0.5609748304808925,1,73.5,2,0,2,3,1.0
0,3,-0.23256923397776158,1,0,-0.3573908580066095,0.059159876663617626,0,7.2271,0,0,2,1,1.0
1,3,0.21239836815278676,0,0,0.48910360681684706,-0.5609748304808925,1,56.4958,2,0,2,3,1.0
0,3,-0.30673050099951965,0,0,-0.494391296561559,-0.5609748304808925,1,7.65,2,0,2,2,1.0
0,3,-0.23256923397776158,0,0,-0.4894421904510968,-0.5609748304808925,1,7.8958,2,0,2,2,1.0
0,3,-0.23256923397776158,0,0,-0.4863374216869257,-0.5609748304808925,1,8.05,2,0,2,2,1.0
1,2,-2.099208324915412,0,2,-0.06451572512800753,0.6792945838081278,0,9.666666666666666,2,1,0,0,1.0
1,3,0.06407583410927065,0,0,-0.397241430886295,-0.5609748304808925,1,12.475,2,0,1,0,0.0
0,3,-0.5292143020647938,0,0,-0.46720946885967163,-0.5609748304808925,1,9.0,2,0,2,0,1.0
1,3,-0.010085432912487412,0,0,-0.45714212526638004,-0.5609748304808925,1,9.5,2,0,2,0,1.0
1,3,-0.825859370151826,0,0,-0.49162277707340374,-0.5609748304808925,1,7.7875,1,0,1,2,0.0
0,1,-0.08424669993424547,0,0,0.29992211294914856,-0.5609748304808925,1,47.1,2,0,2,3,1.0
1,2,-0.900020637173584,0,0,-0.43700743807979686,-0.5609748304808925,1,10.5,2,0,1,0,0.0
1,3,0.2865596351745448,3,0,-0.32928686163157667,1.299429290952638,0,3.9625,2,0,3,1,0.0
0,3,-0.9741819041953421,1,3,0.04370821849987721,1.9195639980971482,0,6.875,2,0,2,1,1.0
0,3,-0.23256923397776158,0,0,-0.4863374216869257,-0.5609748304808925,1,8.05,2,0,2,2,1.0
1,1,-0.45505303504303574,3,2,4.647001076532463,2.5396987052416584,0,43.833333333333336,2,0,1,3,0.0
0,3,-0.38089176802127767,0,0,-0.4863374216869257,-0.5609748304808925,1,8.05,2,0,2,2,1.0
0,3,-0.010085432912487412,0,0,-0.4863374216869257,-0.5609748304808925,1,8.05,2,0,2,2,1.0
0,3,-0.67753683610831,0,0,-0.4902797934380587,-0.5609748304808925,1,7.8542,2,0,2,2,1.0
0,1,1.2506561064573996,1,0,0.5833178351003071,0.059159876663617626,0,30.5875,2,2,2,3,1.0
0,3,-0.23256923397776158,1,2,-0.23415046467497105,1.299429290952638,0,5.14375,2,0,2,1,1.0
0,3,2.214752577740254,0,0,-0.5024451714361923,-0.5609748304808925,1,7.25,2,2,2,1,1.0
0,3,-0.23256923397776158,0,0,-0.4863374216869257,-0.5609748304808925,1,8.05,2,0,2,2,1.0
0,1,3.104687782001351,0,0,0.0493298231623713,-0.5609748304808925,1,34.6542,0,2,2,3,1.0
1,1,-0.45505303504303574,0,1,0.6272778976347743,0.059159876663617626,0,31.67915,0,0,2,3,1.0
1,2,0.3607209021963029,0,1,-0.18532384824750675,0.059159876663617626,0,11.5,2,0,3,0,0.0
0,2,0.3607209021963029,1,0,-0.12491978668775715,0.059159876663617626,0,13.0,2,0,2,0,1.0
0,3,-0.08424669993424547,0,0,-0.4894421904510968,-0.5609748304808925,1,7.8958,2,0,1,2,0.0
0,3,-0.23256923397776158,0,0,-0.4894421904510968,-0.5609748304808925,1,7.8958,2,0,2,2,1.0
0,1,-0.6033755690865519,0,1,0.907737982394129,0.059159876663617626,0,38.64375,2,0,2,3,1.0
0,3,0.2865596351745448,0,0,-0.4741720436887921,-0.5609748304808925,1,8.6542,2,0,2,0,1.0
0,3,0.583204703261577,2,0,-0.4888542575852486,0.6792945838081278,0,2.6416666666666666,2,0,2,1,1.0
0,3,-0.08424669993424547,0,0,-0.4894421904510968,-0.5609748304808925,1,7.8958,2,0,2,2,1.0
1,3,-0.6033755690865519,0,0,-0.494391296561559,-0.5609748304808925,1,7.65,2,0,1,2,0.0
1,3,-0.23256923397776158,0,0,-0.4918744606632361,-0.5609748304808925,1,7.775,2,0,2,2,1.0
0,3,0.6573659702833351,0,0,-0.4894421904510968,-0.5609748304808925,1,7.8958,2,0,2,2,1.0
1,3,-0.825859370151826,1,0,-0.1621689579829361,0.059159876663617626,0,12.075,1,0,1,0,0.0
0,1,1.3248173734791575,0,0,0.39858208016340624,-0.5609748304808925,1,52.0,2,2,2,3,1.0
0,3,-1.0854238047279792,1,0,-0.3573908580066095,0.059159876663617626,0,7.2271,0,0,1,1,0.0
0,3,-0.5292143020647938,0,0,-0.4863374216869257,-0.5609748304808925,1,8.05,2,0,2,2,1.0
0,3,-0.67753683610831,1,0,-0.4505983519307405,0.059159876663617626,0,4.9125,2,0,1,1,0.0
0,3,-0.900020637173584,0,0,-0.3573083057891445,-0.5609748304808925,1,14.4583,0,0,1,0,0.0
0,3,-0.6033755690865519,0,0,-0.4888542575852486,-0.5609748304808925,1,7.925,2,0,2,2,1.0
0,3,3.0676071484904717,0,0,-0.49237782784290063,-0.5609748304808925,1,7.75,1,2,2,2,1.0
0,2,-0.010085432912487412,1,0,-0.22559322262067316,0.059159876663617626,0,10.5,2,0,2,0,1.0
0,1,-0.38089176802127767,0,1,4.335332226633905,0.059159876663617626,0,123.7604,0,0,2,3,1.0
0,3,-2.012439642499955,4,2,-0.01870931177853076,3.1598334123861687,0,4.4678571428571425,2,1,1,1,0.0
0,2,-0.6033755690865519,2,0,0.8314778546749452,0.6792945838081278,0,24.5,2,0,2,3,1.0
0,3,-0.23256923397776158,0,0,-0.4863374216869257,-0.5609748304808925,1,8.05,2,0,2,2,1.0
0,2,0.2494790016636658,1,0,-0.04295550208861426,0.059159876663617626,0,15.0354,0,0,2,0,1.0
1,2,0.2494790016636658,0,0,-0.3866707201133388,-0.5609748304808925,1,13.0,2,0,1,0,0.0
0,1,1.843946242631464,0,1,0.907737982394129,0.059159876663617626,0,38.64375,2,2,2,3,1.0
1,3,-1.2708269722823744,1,0,-0.42207354059350805,0.059159876663617626,0,5.62085,0,0,0,1,1.0
0,3,-0.23256923397776158,0,0,-0.49237782784290063,-0.5609748304808925,1,7.75,1,0,2,2,1.0
1,3,-0.38089176802127767,0,0,-0.5046257580584992,-0.5609748304808925,1,7.1417,2,0,2,1,1.0
1,3,-0.825859370151826,1,1,-0.19824427701513722,0.6792945838081278,0,7.452766666666666,0,0,1,2,0.0
0,3,1.1764948394356414,0,0,-0.5079822104125026,-0.5609748304808925,1,6.975,2,0,2,1,1.0
0,3,0.2865596351745448,0,0,-0.4894421904510968,-0.5609748304808925,1,7.8958,0,0,2,2,1.0
0,3,-0.67753683610831,0,0,-0.5064721088735089,-0.5609748304808925,1,7.05,2,0,2,1,1.0
0,3,1.3248173734791575,1,0,-0.35646868933346404,0.059159876663617626,0,7.25,2,2,3,1,0.0
1,2,-0.010085432912487412,1,0,-0.12491978668775715,0.059159876663617626,0,13.0,2,0,3,0,0.0
0,2,-0.30673050099951965,0,0,-0.3866707201133388,-0.5609748304808925,1,13.0,2,0,2,0,1.0
0,2,-0.45505303504303574,0,0,-0.3454791770670269,-0.5609748304808925,1,15.0458,0,0,2,0,1.0
1,1,-0.751698103130068,0,2,-0.11921562980779811,0.6792945838081278,0,8.7611,2,0,1,0,0.0
0,1,0.583204703261577,1,0,0.4207302360686478,0.059159876663617626,0,26.55,2,0,2,3,1.0
0,3,-0.9741819041953421,0,0,-0.4628462821463391,-0.5609748304808925,1,9.2167,2,0,2,0,1.0
0,1,-0.38089176802127767,0,0,0.9462455716384695,-0.5609748304808925,1,79.2,0,0,2,3,1.0
0,3,0.1382371011310287,0,2,-0.3414522396297103,0.6792945838081278,0,5.081933333333333,0,0,3,1,0.0
1,3,-0.5292143020647938,0,0,-0.49237782784290063,-0.5609748304808925,1,7.75,2,0,1,2,0.0
1,3,-0.38089176802127767,1,0,-0.32928686163157667,0.059159876663617626,0,7.925,2,0,3,2,0.0
0,3,-0.751698103130068,0,0,-0.5125125150294839,-0.5609748304808925,1,6.75,1,0,2,1,1.0
0,2,-0.825859370151826,0,0,-0.41687275089321363,-0.5609748304808925,1,11.5,2,0,2,0,1.0
0,2,-0.751698103130068,1,1,0.09152810056801232,0.6792945838081278,0,12.25,2,0,2,0,1.0
1,3,-0.1584079669560035,0,0,-0.49145565916975514,-0.5609748304808925,1,7.7958,2,0,2,2,1.0
0,3,-1.4933107733476485,2,2,0.04370821849987721,1.9195639980971482,0,6.875,2,1,1,1,0.0
0,2,0.546124069750698,0,2,-0.12491978668775715,0.6792945838081278,0,8.666666666666666,2,0,2,0,1.0
0,2,0.9540110383703673,0,0,-0.3866707201133388,-0.5609748304808925,1,13.0,2,0,4,0,1.0
0,2,1.6214624415661898,0,0,-0.39623469652696586,-0.5609748304808925,1,12.525,2,2,4,0,1.0
1,1,-0.5292143020647938,1,0,0.6925485130875209,0.059159876663617626,0,33.3,2,0,3,3,0.0
0,3,1.955188143164101,0,0,-0.4863374216869257,-0.5609748304808925,1,8.05,2,2,2,2,1.0
0,3,0.8427691378377302,0,2,-0.35646868933346404,0.6792945838081278,0,4.833333333333333,2,0,2,1,1.0
0,3,-0.23256923397776158,0,0,-0.5011867534870308,-0.5609748304808925,1,7.3125,2,0,2,2,1.0
0,1,1.6214624415661898,0,1,0.5874293382238074,0.059159876663617626,0,30.6896,0,2,2,3,1.0
1,3,-0.9741819041953421,0,0,-0.49271407711891657,-0.5609748304808925,1,7.7333,1,0,1,2,0.0
0,3,0.06407583410927065,0,0,-0.4863374216869257,-0.5609748304808925,1,8.05,2,0,2,2,1.0
0,3,-0.23256923397776158,0,0,-0.47400492578514347,-0.5609748304808925,1,8.6625,2,0,2,0,1.0
0,3,-1.8641171084564387,8,2,0.7519458402879414,5.64037224096421,0,6.322727272727272,2,1,0,1,1.0
0,3,1.1023335724138834,0,1,-0.32425318983493084,0.059159876663617626,0,8.05,2,0,2,2,1.0
1,2,0.8056885043268512,0,0,-0.331300330350235,-0.5609748304808925,1,15.75,2,0,3,0,0.0
0,3,-0.23256923397776158,0,0,-0.4918744606632361,-0.5609748304808925,1,7.775,2,0,2,2,1.0
0,3,-0.900020637173584,0,0,-0.47400492578514347,-0.5609748304808925,1,8.6625,2,0,2,0,1.0
0,3,-2.086600909521713,4,1,0.1506737441786005,2.5396987052416584,0,6.614583333333333,2,1,0,1,1.0
1,3,-1.4933107733476485,0,2,-0.2351571990343002,0.6792945838081278,0,6.841666666666666,2,1,0,1,1.0
1,1,0.8056885043268512,0,1,0.4589861417231558,0.059159876663617626,0,27.5,2,0,3,3,0.0
0,3,1.1764948394356414,1,4,-0.08666388103324908,2.5396987052416584,0,4.6499999999999995,2,0,3,1,0.0
0,1,0.8056885043268512,0,0,-0.12642988822675086,-0.5609748304808925,1,25.925,2,0,2,3,1.0
0,3,-0.08424669993424547,0,0,0.48910360681684706,-0.5609748304808925,1,56.4958,2,0,2,3,1.0
0,1,2.3630751117837705,0,0,0.026090367211616904,-0.5609748304808925,1,33.5,2,2,2,3,1.0
0,3,-1.8641171084564387,4,1,-0.06199888922968463,2.5396987052416584,0,4.854166666666667,1,1,0,1,1.0
1,3,-2.086600909521713,1,1,-0.4242561406845337,0.6792945838081278,0,3.7111,2,1,1,1,0.0
0,3,-0.6033755690865519,0,0,-0.4888542575852486,-0.5609748304808925,1,7.925,2,0,2,2,1.0
0,1,1.99226877667498,0,0,-0.030371322596999754,-0.5609748304808925,1,30.6958,0,2,2,3,1.0
0,3,-0.825859370151826,1,1,-0.4902797934380587,0.6792945838081278,0,2.6180666666666665,2,0,2,1,1.0
0,3,-1.8641171084564387,3,1,-0.13565761536436197,1.9195639980971482,0,5.0933399999999995,2,1,0,1,1.0
0,1,1.5473011745444318,0,0,-0.07030444769415023,-0.5609748304808925,1,28.7125,0,2,1,3,0.0
0,2,0.06407583410927065,0,0,-0.3866707201133388,-0.5609748304808925,1,13.0,2,0,2,0,1.0
0,3,0.509043436239819,0,0,-0.6484216535389205,-0.5609748304808925,1,0.0,2,0,2,1,1.0
0,3,-0.825859370151826,8,2,0.7519458402879414,5.64037224096421,0,6.322727272727272,2,0,1,1,0.0
0,2,0.1382371011310287,0,0,-0.34539461138084326,-0.5609748304808925,1,15.05,0,0,2,0,1.0
0,3,-1.4933107733476485,4,2,-0.016444159470040135,3.1598334123861687,0,4.483928571428572,2,1,0,1,1.0
1,2,-2.086600909521713,2,1,0.13683114673782454,1.299429290952638,0,9.75,2,1,0,0,1.0
1,3,-1.8641171084564387,0,2,-0.20495516825442542,0.6792945838081278,0,7.341666666666666,2,1,1,2,0.0
0,1,0.8056885043268512,0,0,0.3583127057902398,-0.5609748304808925,1,50.0,2,0,2,3,1.0
1,3,0.1382371011310287,1,0,-0.3363340021468808,0.059159876663617626,0,7.75,1,0,3,2,0.0
1,1,1.1764948394356414,0,0,-0.11384570873513637,-0.5609748304808925,1,26.55,2,0,2,3,1.0
0,3,0.8056885043268512,1,1,-0.3363340021468808,0.6792945838081278,0,5.166666666666667,1,0,2,1,1.0
0,3,0.509043436239819,0,0,-0.4894421904510968,-0.5609748304808925,1,7.8958,2,0,2,2,1.0
1,2,0.21239836815278676,0,0,-0.3866707201133388,-0.5609748304808925,1,13.0,2,0,3,0,0.0
0,2,-0.751698103130068,0,0,-0.3866707201133388,-0.5609748304808925,1,13.0,2,0,2,0,1.0
1,3,-0.751698103130068,1,0,-0.4902797934380587,0.059159876663617626,0,3.9271,2,0,1,1,0.0
1,2,-1.938278375478197,1,1,-0.12491978668775715,0.6792945838081278,0,8.666666666666666,2,1,0,0,1.0
1,1,1.1023335724138834,0,0,-0.09027201697708476,-0.5609748304808925,1,27.7208,0,0,3,3,0.0
1,1,2.1405913107184964,0,0,2.301728820789,-0.5609748304808925,1,146.5208,0,2,1,3,0.0
0,3,-0.23256923397776158,0,0,-0.49237782784290063,-0.5609748304808925,1,7.75,1,0,2,2,1.0
0,3,0.9540110383703673,0,1,-0.47920571548543794,0.059159876663617626,0,4.2021,2,0,2,1,1.0
1,3,-0.825859370151826,0,0,-0.49237782784290063,-0.5609748304808925,1,7.75,1,0,1,2,0.0
0,2,-0.38089176802127767,0,0,-0.3866707201133388,-0.5609748304808925,1,13.0,2,0,1,0,0.0
0,3,-0.08424669993424547,0,0,-0.45714212526638004,-0.5609748304808925,1,9.5,2,0,2,0,1.0
0,3,-0.23256923397776158,8,2,0.7519458402879414,5.64037224096421,0,6.322727272727272,2,0,2,1,1.0
0,3,0.3607209021963029,0,0,-0.5176307525123133,-0.5609748304808925,1,6.4958,2,0,2,1,1.0
0,3,1.2135754729465205,0,0,-0.5029485386158568,-0.5609748304808925,1,7.225,0,2,2,1,1.0
1,3,-0.825859370151826,0,0,-0.4863374216869257,-0.5609748304808925,1,8.05,2,0,2,2,1.0
0,3,-2.012439642499955,0,1,-0.43776248884929375,0.059159876663617626,0,5.23125,2,1,1,1,0.0
0,3,0.21239836815278676,1,0,-0.32928686163157667,0.059159876663617626,0,7.925,2,0,2,2,1.0
1,3,-0.23256923397776158,0,0,-0.2701412180209885,-0.5609748304808925,1,18.7875,0,0,2,0,1.0
1,3,-0.9741819041953421,0,0,-0.49237782784290063,-0.5609748304808925,1,7.75,1,0,1,2,0.0
1,1,0.8056885043268512,0,0,-0.024246350754841113,-0.5609748304808925,1,31.0,0,0,2,3,1.0
0,3,-0.38089176802127767,0,0,-0.5064721088735089,-0.5609748304808925,1,7.05,2,0,2,1,1.0
1,2,0.43488216921806094,0,0,-0.22559322262067316,-0.5609748304808925,1,21.0,2,0,1,0,0.0
0,3,-0.5292143020647938,0,0,-0.5024451714361923,-0.5609748304808925,1,7.25,2,0,2,1,1.0
0,2,0.06407583410927065,0,0,-0.3866707201133388,-0.5609748304808925,1,13.0,2,0,2,0,1.0
0,3,-0.23256923397776158,1,0,-0.49237782784290063,0.059159876663617626,0,3.875,1,0,2,1,1.0
1,1,0.1382371011310287,1,0,1.6323350375212924,0.059159876663617626,0,56.6375,0,0,1,3,0.0
1,3,-0.1584079669560035,0,0,-0.4888542575852486,-0.5609748304808925,1,7.925,2,0,1,2,0.0
0,2,0.9540110383703673,1,0,-0.10478509950117394,0.059159876663617626,0,13.5,2,0,2,0,1.0
1,1,0.21239836815278676,0,0,0.8876878608937296,-0.5609748304808925,1,76.2917,0,0,1,3,0.0
0,2,0.06407583410927065,0,0,-0.43700743807979686,-0.5609748304808925,1,10.5,2,0,2,0,1.0
1,3,-0.9741819041953421,0,0,-0.4863374216869257,-0.5609748304808925,1,8.05,2,0,2,2,1.0
0,2,-0.1584079669560035,0,0,-0.3866707201133388,-0.5609748304808925,1,13.0,2,0,2,0,1.0
0,3,1.6214624415661898,0,0,-0.4863374216869257,-0.5609748304808925,1,8.05,2,2,2,2,1.0
0,3,-0.23256923397776158,0,0,-0.4894421904510968,-0.5609748304808925,1,7.8958,2,0,2,2,1.0
1,1,0.6573659702833351,1,0,1.163700193253568,0.059159876663617626,0,45.0,2,0,2,3,1.0
0,3,-0.5292143020647938,0,0,-0.4601623283443675,-0.5609748304808925,1,9.35,2,0,2,0,1.0
1,2,-0.751698103130068,0,0,-0.43700743807979686,-0.5609748304808925,1,10.5,2,0,2,0,1.0
0,3,-0.6404562025974309,0,0,-0.5024451714361923,-0.5609748304808925,1,7.25,2,0,2,1,1.0
0,2,-0.825859370151826,0,0,-0.3866707201133388,-0.5609748304808925,1,13.0,2,0,2,0,1.0
0,3,-0.825859370151826,3,1,-0.13565761536436197,1.9195639980971482,0,5.0933399999999995,2,0,1,1,0.0
1,1,0.43488216921806094,1,0,1.0323213593611125,0.059159876663617626,0,41.7375,2,0,3,3,0.0
0,3,-0.010085432912487412,0,0,-0.4918744606632361,-0.5609748304808925,1,7.775,2,0,2,2,1.0
0,2,2.214752577740254,0,0,-0.3766033765200472,-0.5609748304808925,1,13.5,2,2,2,0,1.0
1,3,-1.7899558414346808,4,2,-0.016444159470040135,3.1598334123861687,0,4.483928571428572,2,1,1,1,0.0
0,2,-0.38089176802127767,0,0,-0.43700743807979686,-0.5609748304808925,1,10.5,2,0,2,0,1.0
0,3,-0.825859370151826,0,0,-0.49640476528021726,-0.5609748304808925,1,7.55,2,0,1,2,0.0
0,2,1.1023335724138834,1,0,-0.12491978668775715,0.059159876663617626,0,13.0,2,0,2,0,1.0
1,2,-1.5674720403694067,0,2,-0.11988611489111134,0.6792945838081278,0,8.75,2,1,1,0,0.0
0,2,-0.751698103130068,0,0,-0.43700743807979686,-0.5609748304808925,1,10.5,2,0,2,0,1.0
0,2,0.2865596351745448,0,0,-0.4012683683236117,-0.5609748304808925,1,12.275,2,0,2,0,1.0
0,3,-0.825859370151826,1,0,-0.3573908580066095,0.059159876663617626,0,7.2271,0,0,1,1,0.0
1,3,-0.825859370151826,1,0,-0.3363340021468808,0.059159876663617626,0,7.75,1,0,1,2,0.0
0,2,-0.010085432912487412,0,0,-0.43700743807979686,-0.5609748304808925,1,10.5,2,0,2,0,1.0
0,3,-0.5292143020647938,0,0,-0.5049620073345151,-0.5609748304808925,1,7.125,2,0,2,1,1.0
0,3,0.06407583410927065,0,0,-0.5029485386158568,-0.5609748304808925,1,7.225,0,0,2,1,1.0
0,1,1.1023335724138834,2,0,1.163700193253568,0.6792945838081278,0,30.0,1,0,4,3,1.0
0,3,-0.30673050099951965,0,0,-0.4918744606632361,-0.5609748304808925,1,7.775,2,0,1,2,0.0
1,2,-0.38089176802127767,0,2,-0.35646868933346404,0.6792945838081278,0,4.833333333333333,2,0,3,1,0.0
1,1,0.583204703261577,1,1,0.40974072380221066,0.6792945838081278,0,17.518066666666666,2,0,2,0,1.0
0,2,1.843946242631464,1,0,-0.12491978668775715,0.059159876663617626,0,13.0,2,2,4,0,1.0
0,3,-0.23256923397776158,0,0,-0.5024451714361923,-0.5609748304808925,1,7.25,2,0,2,1,1.0
0,3,-0.010085432912487412,1,1,-0.43776248884929375,0.6792945838081278,0,3.4875000000000003,2,0,3,1,0.0
0,1,2.4372363788055282,0,0,-0.11384570873513637,-0.5609748304808925,1,26.55,2,2,2,3,1.0
0,3,0.06407583410927065,1,0,-0.32425318983493084,0.059159876663617626,0,8.05,2,0,2,2,1.0
0,3,0.8798497713486092,0,2,-0.2414492887801075,0.6792945838081278,0,6.7375,2,0,3,1,0.0
1,3,-0.010085432912487412,0,2,-0.3414522396297103,0.6792945838081278,0,5.081933333333333,0,0,3,1,0.0
1,1,0.8056885043268512,0,0,0.9462455716384695,-0.5609748304808925,1,79.2,0,0,3,3,0.0
1,1,0.06407583410927065,0,0,1.093228788100527,-0.5609748304808925,1,86.5,2,0,1,3,0.0
1,1,0.43488216921806094,0,0,9.667166525013505,-0.5609748304808925,1,512.3292,0,0,1,3,0.0
1,2,1.5473011745444318,0,1,-0.12491978668775715,0.059159876663617626,0,13.0,2,2,3,0,0.0
0,3,-0.23256923397776158,0,0,-0.49237782784290063,-0.5609748304808925,1,7.75,1,0,2,2,1.0
1,3,-1.938278375478197,4,2,-0.016444159470040135,3.1598334123861687,0,4.483928571428572,2,1,0,1,1.0
0,1,1.6956237085879478,1,1,0.955306180872432,0.6792945838081278,0,26.55,2,2,2,3,1.0
0,1,0.8056885043268512,0,0,-0.6484216535389205,-0.5609748304808925,1,0.0,2,0,2,1,1.0
0,3,-0.825859370151826,0,0,-0.49237782784290063,-0.5609748304808925,1,7.75,1,0,1,2,0.0
0,2,0.509043436239819,0,0,-0.43700743807979686,-0.5609748304808925,1,10.5,2,0,2,0,1.0
0,3,-0.9741819041953421,4,1,0.1506737441786005,2.5396987052416584,0,6.614583333333333,2,0,2,1,1.0
1,3,-0.30673050099951965,1,0,-0.4918744606632361,0.059159876663617626,0,3.8875,2,0,2,1,1.0
1,1,2.1405913107184964,0,1,2.441497778832105,0.059159876663617626,0,76.73125,2,2,3,3,0.0
1,1,0.43488216921806094,0,0,2.0825124140450755,-0.5609748304808925,1,135.6333,2,0,1,3,0.0
0,1,0.8056885043268512,0,0,-0.024246350754841113,-0.5609748304808925,1,31.0,2,0,2,3,1.0
1,3,-0.30673050099951965,0,0,-0.6484216535389205,-0.5609748304808925,1,0.0,2,0,2,1,1.0
1,2,0.8798497713486092,0,1,-0.255795253400548,0.059159876663617626,0,9.75,2,0,3,0,0.0
0,1,0.583204703261577,0,1,-0.05042144409739929,0.059159876663617626,0,14.85,0,0,2,0,1.0
1,3,-0.825859370151826,0,0,-0.49237782784290063,-0.5609748304808925,1,7.75,1,0,1,2,0.0
1,1,2.5113976458272864,1,0,0.921244330558889,0.059159876663617626,0,38.97915,2,2,1,3,0.0
0,3,1.1764948394356414,0,0,-0.49237782784290063,-0.5609748304808925,1,7.75,2,0,1,2,0.0
0,2,0.1382371011310287,0,0,-0.6484216535389205,-0.5609748304808925,1,0.0,2,0,2,1,1.0
0,3,-1.6416333073911646,4,1,-0.06199888922968463,2.5396987052416584,0,4.854166666666667,1,1,0,1,1.0
1,3,0.43488216921806094,1,1,-0.24069423801061057,0.6792945838081278,0,6.75,2,0,3,1,0.0
0,3,2.659720179870803,0,0,-0.49237782784290063,-0.5609748304808925,1,7.75,1,2,2,2,1.0
0,3,-0.08424669993424547,0,0,-0.4902797934380587,-0.5609748304808925,1,7.8542,2,0,2,2,1.0
0,3,-0.9741819041953421,0,0,-0.45714212526638004,-0.5609748304808925,1,9.5,2,0,2,0,1.0
1,3,-0.751698103130068,0,0,-0.4863374216869257,-0.5609748304808925,1,8.05,2,0,2,2,1.0
0,1,0.8056885043268512,0,0,-0.12491978668775715,-0.5609748304808925,1,26.0,2,0,2,3,1.0
0,3,0.2865596351745448,0,0,-0.47400492578514347,-0.5609748304808925,1,8.6625,0,0,2,0,1.0
1,3,0.06407583410927065,0,0,-0.45714212526638004,-0.5609748304808925,1,9.5,2,0,2,0,1.0
0,3,-0.5292143020647938,0,0,-0.4894421904510968,-0.5609748304808925,1,7.8958,2,0,2,2,1.0
1,2,0.9540110383703673,0,0,-0.3866707201133388,-0.5609748304808925,1,13.0,2,0,2,0,1.0
1,3,-0.5292143020647938,0,0,-0.49237782784290063,-0.5609748304808925,1,7.75,1,0,1,2,0.0
1,1,-0.23256923397776158,0,0,0.9391984311231651,-0.5609748304808925,1,78.85,2,0,1,3,0.0
1,1,-0.751698103130068,1,0,1.1854295476653287,0.059159876663617626,0,45.5396,0,0,3,3,0.0
0,2,0.509043436239819,0,0,-0.3891875560116617,-0.5609748304808925,1,12.875,0,0,2,0,1.0
0,3,-0.38089176802127767,0,0,-0.4702296719376591,-0.5609748304808925,1,8.85,2,0,1,0,0.0
0,3,-0.38089176802127767,0,0,-0.4894421904510968,-0.5609748304808925,1,7.8958,2,0,2,2,1.0
0,1,0.8056885043268512,0,0,-0.09027201697708476,-0.5609748304808925,1,27.7208,0,0,2,3,1.0
0,3,-0.4179724015321567,0,0,-0.5028639729296732,-0.5609748304808925,1,7.2292,0,0,2,1,1.0
0,1,-2.012439642499955,1,2,2.4029901895877646,1.299429290952638,0,37.8875,2,1,1,3,0.0
1,1,0.8056885043268512,0,0,-0.034313694348132716,-0.5609748304808925,1,30.5,2,0,2,3,1.0
1,1,1.5473011745444318,0,1,4.335332226633905,0.059159876663617626,0,123.7604,0,2,3,3,0.0
1,3,-0.825859370151826,0,0,-0.49237782784290063,-0.5609748304808925,1,7.75,1,0,1,2,0.0
1,3,-0.23256923397776158,2,0,-0.18029017645086096,0.6792945838081278,0,7.75,1,0,2,2,1.0
0,3,-0.751698103130068,0,0,-0.6484216535389205,-0.5609748304808925,1,0.0,2,0,2,1,1.0
1,2,-0.38089176802127767,0,0,-0.3997582667846179,-0.5609748304808925,1,12.35,1,0,1,0,0.0
0,3,-0.23256923397776158,0,0,-0.4863374216869257,-0.5609748304808925,1,8.05,2,0,2,2,1.0
1,1,-2.0925338108834537,1,2,2.4029901895877646,1.299429290952638,0,37.8875,2,1,0,3,1.0
1,1,0.06407583410927065,0,0,1.5841789061771412,-0.5609748304808925,1,110.8833,0,0,1,3,0.0
1,1,-0.900020637173584,1,0,1.5442457810799908,0.059159876663617626,0,54.45,0,0,3,3,0.0
0,2,0.06407583410927065,1,0,-0.16518916106092355,0.059159876663617626,0,12.0,0,0,2,0,1.0
1,1,0.06407583410927065,0,0,0.49782998024351216,-0.5609748304808925,1,56.9292,0,0,1,3,0.0
1,1,-0.38089176802127767,0,0,1.0259447039291216,-0.5609748304808925,1,83.1583,0,0,1,3,0.0
1,1,-0.825859370151826,2,2,4.634416897040849,1.9195639980971482,0,52.475,0,0,1,3,0.0
0,2,-0.23256923397776158,1,1,-0.12491978668775715,0.6792945838081278,0,8.666666666666666,2,0,3,0,0.0
0,3,-0.08424669993424547,0,0,-0.4894421904510968,-0.5609748304808925,1,7.8958,2,0,2,2,1.0
0,2,1.0281723053921255,1,1,-0.11988611489111134,0.6792945838081278,0,8.75,2,0,2,0,1.0
1,3,-0.23256923397776158,0,0,-0.4902797934380587,-0.5609748304808925,1,7.8542,2,0,1,2,0.0
1,2,-0.38089176802127767,1,0,-0.12491978668775715,0.059159876663617626,0,13.0,2,0,3,0,0.0
0,2,1.843946242631464,0,0,-0.36653603292675563,-0.5609748304808925,1,14.0,2,2,4,0,1.0
1,1,0.1382371011310287,0,2,2.671117778445337,0.6792945838081278,0,54.95556666666667,2,0,1,3,0.0
1,1,0.8056885043268512,1,1,2.059693773056521,0.6792945838081278,0,44.833333333333336,0,0,3,3,0.0
0,3,-0.5292143020647938,0,0,-0.5024451714361923,-0.5609748304808925,1,7.25,2,0,2,1,1.0
0,3,-0.1584079669560035,0,0,-0.4894421904510968,-0.5609748304808925,1,7.8958,2,0,2,2,1.0
1,2,0.06407583410927065,0,0,-0.3997582667846179,-0.5609748304808925,1,12.35,1,0,1,0,0.0
1,2,-0.5292143020647938,1,1,-0.06451572512800753,0.6792945838081278,0,9.666666666666666,2,0,3,0,0.0
0,3,-0.23256923397776158,8,2,0.7519458402879414,5.64037224096421,0,6.322727272727272,2,0,2,1,1.0
1,1,0.509043436239819,0,0,2.0825124140450755,-0.5609748304808925,1,135.6333,0,0,1,3,0.0
0,3,2.3630751117837705,0,0,-0.5228315422126077,-0.5609748304808925,1,6.2375,2,2,2,1,1.0
1,2,0.509043436239819,0,0,-0.3866707201133388,-0.5609748304808925,1,13.0,2,0,3,0,0.0
1,3,0.1382371011310287,1,1,-0.2351571990343002,0.6792945838081278,0,6.841666666666666,2,0,3,1,0.0
1,1,-0.9741819041953421,0,1,0.5189714017894245,0.059159876663617626,0,28.9896,0,0,1,3,0.0
1,3,-0.825859370151826,2,0,-0.18029017645086096,0.6792945838081278,0,7.75,1,0,1,2,0.0
0,1,1.2135754729465205,0,0,-0.07458306872129913,-0.5609748304808925,1,28.5,2,2,2,3,1.0
0,1,0.6573659702833351,0,1,2.441497778832105,0.059159876663617626,0,76.73125,2,0,2,3,1.0
0,3,-0.9741819041953421,2,0,-0.2859972841804228,0.6792945838081278,0,6.0,2,0,2,1,1.0
1,1,0.8056885043268512,1,0,2.042579288947925,0.059159876663617626,0,66.825,2,0,3,3,0.0
0,3,-0.23256923397776158,0,0,-0.4894421904510968,-0.5609748304808925,1,7.8958,2,0,2,2,1.0
0,1,-0.010085432912487412,1,0,0.6925485130875209,0.059159876663617626,0,33.3,2,0,2,3,1.0
1,1,0.8798497713486092,0,0,2.059693773056521,-0.5609748304808925,1,134.5,0,0,1,3,0.0
1,3,1.1764948394356414,0,0,-0.4863374216869257,-0.5609748304808925,1,8.05,2,0,2,2,1.0
0,1,1.1764948394356414,0,0,0.06635974158478332,-0.5609748304808925,1,35.5,2,0,2,3,1.0
1,2,-2.012439642499955,1,1,-0.12491978668775715,0.6792945838081278,0,8.666666666666666,2,1,0,0,1.0
1,1,-0.38089176802127767,3,2,4.647001076532463,2.5396987052416584,0,43.833333333333336,2,0,1,3,0.0
0,2,-0.08424669993424547,0,0,-0.3866707201133388,-0.5609748304808925,1,13.0,2,0,2,0,1.0
0,2,-0.30673050099951965,0,0,-0.3866707201133388,-0.5609748304808925,1,13.0,2,0,2,0,1.0
0,2,0.509043436239819,0,0,-0.3866707201133388,-0.5609748304808925,1,13.0,2,0,2,0,1.0
1,2,-0.38089176802127767,0,0,-0.3866707201133388,-0.5609748304808925,1,13.0,2,0,1,0,0.0
1,2,0.8056885043268512,0,0,-0.3866707201133388,-0.5609748304808925,1,13.0,2,0,1,0,0.0
1,3,0.1382371011310287,1,0,-0.32425318983493084,0.059159876663617626,0,8.05,2,0,3,2,0.0
1,3,-1.938278375478197,1,1,-0.32828012727224753,0.6792945838081278,0,5.3,2,1,0,1,1.0
0,3,0.9540110383703673,0,0,-0.47400492578514347,-0.5609748304808925,1,8.6625,2,0,2,0,1.0
0,3,-0.45505303504303574,0,0,-0.4626791642426904,-0.5609748304808925,1,9.225,2,0,2,0,1.0
0,1,0.8056885043268512,0,0,0.05629239799149171,-0.5609748304808925,1,35.0,2,0,2,3,1.0
0,3,-1.0483431712171,1,1,-0.5028639729296732,0.6792945838081278,0,2.409733333333333,0,0,2,1,1.0
0,3,-0.30673050099951965,1,0,-0.29002422161773944,0.059159876663617626,0,8.9,2,0,2,0,1.0
0,3,-0.23256923397776158,0,0,-0.5029485386158568,-0.5609748304808925,1,7.225,0,0,2,1,1.0
0,3,-0.08424669993424547,0,0,-0.45714212526638004,-0.5609748304808925,1,9.5,2,0,2,0,1.0
1,1,-0.5292143020647938,0,1,0.4589861417231558,0.059159876663617626,0,27.5,2,0,1,3,0.0
0,2,0.6573659702833351,0,0,-0.3866707201133388,-0.5609748304808925,1,13.0,2,0,1,0,0.0
1,3,-0.825859370151826,0,0,-0.48977642625839407,-0.5609748304808925,1,7.8792,1,0,1,2,0.0
1,3,-0.825859370151826,0,0,-0.48977642625839407,-0.5609748304808925,1,7.8792,1,0,1,2,0.0
0,3,0.8056885043268512,1,4,-0.08666388103324908,2.5396987052416584,0,4.6499999999999995,2,0,2,1,1.0
0,2,-0.010085432912487412,1,0,-0.09027201697708476,0.059159876663617626,0,13.8604,0,0,2,0,1.0
0,3,1.1764948394356414,0,1,-0.3573908580066095,0.059159876663617626,0,7.2271,0,0,3,1,0.0
0,3,0.43488216921806094,0,0,-0.5064721088735089,-0.5609748304808925,1,7.05,2,0,2,1,1.0
0,3,-0.23256923397776158,1,0,-0.3363340021468808,0.059159876663617626,0,7.75,1,0,2,2,1.0
0,3,0.06407583410927065,0,0,-0.5024451714361923,-0.5609748304808925,1,7.25,2,0,2,1,1.0
1,1,2.2889138447620123,1,0,0.8667135572514657,0.059159876663617626,0,37.625,0,2,3,3,0.0
1,3,0.1382371011310287,0,0,-0.5028639729296732,-0.5609748304808925,1,7.2292,0,0,3,1,0.0
1,3,-0.825859370151826,0,0,-0.49237782784290063,-0.5609748304808925,1,7.75,1,0,1,2,0.0
1,1,-0.38089176802127767,0,0,0.7469121684912956,-0.5609748304808925,1,69.3,0,0,3,3,0.0
1,1,-0.30673050099951965,1,0,0.4678796330534696,0.059159876663617626,0,27.72085,0,0,2,3,1.0
0,3,-0.825859370151826,1,0,-0.5176307525123133,0.059159876663617626,0,3.2479,2,0,2,1,1.0
0,3,-0.751698103130068,0,0,-0.4863374216869257,-0.5609748304808925,1,8.05,2,0,2,2,1.0
0,1,-0.5292143020647938,0,0,2.0825124140450755,-0.5609748304808925,1,135.6333,0,0,2,3,1.0
0,3,-1.938278375478197,3,1,-0.22408312108167944,1.9195639980971482,0,4.215,2,1,1,1,0.0
1,1,0.8056885043268512,1,0,1.0060617003323709,0.059159876663617626,0,41.0854,0,0,3,3,0.0
1,3,-0.5292143020647938,0,0,-0.5024451714361923,-0.5609748304808925,1,7.25,2,0,1,1,0.0
0,1,-0.1584079669560035,0,2,3.610064686423428,0.6792945838081278,0,70.5,0,0,2,3,1.0
0,3,-0.67753683610831,0,0,-0.5676312212027554,-0.5609748304808925,1,4.0125,0,0,2,1,1.0
0,3,-0.751698103130068,0,0,-0.4918744606632361,-0.5609748304808925,1,7.775,2,0,2,2,1.0
1,1,0.9540110383703673,0,0,3.9327230485884233,-0.5609748304808925,1,227.525,0,0,1,3,0.0
1,3,-2.086600909521713,0,2,-0.33146744825388363,0.6792945838081278,0,5.247233333333333,0,1,1,1,0.0
0,3,0.21239836815278676,0,0,-0.4888542575852486,-0.5609748304808925,1,7.925,2,0,2,2,1.0
1,1,0.43488216921806094,1,0,0.39858208016340624,0.059159876663617626,0,26.0,2,0,3,3,0.0
0,3,-0.23256923397776158,0,0,-0.4894421904510968,-0.5609748304808925,1,7.8958,2,0,2,2,1.0
0,2,-0.825859370151826,0,0,0.8314778546749452,-0.5609748304808925,1,73.5,2,0,2,3,1.0
0,3,-2.086600909521713,5,2,0.2958951755118318,3.779968119530679,0,5.8625,2,1,0,1,1.0
1,2,0.509043436239819,0,0,-0.3866707201133388,-0.5609748304808925,1,13.0,2,0,1,0,0.0
0,3,-0.23256923397776158,0,0,-0.49279662933638163,-0.5609748304808925,1,7.7292,1,0,2,2,1.0
1,2,-0.900020637173584,0,0,-0.40680540729992204,-0.5609748304808925,1,12.0,0,0,1,0,0.0
1,1,0.509043436239819,1,2,1.7677408088510642,1.299429290952638,0,30.0,2,0,2,3,1.0
1,3,-0.6033755690865519,0,0,-0.49145565916975514,-0.5609748304808925,1,7.7958,2,0,2,2,1.0
0,3,-0.08424669993424547,2,0,-0.4888542575852486,0.6792945838081278,0,2.6416666666666666,2,0,2,1,1.0
1,1,-0.45505303504303574,1,0,1.6323350375212924,0.059159876663617626,0,56.6375,0,0,1,3,0.0
1,3,-0.38089176802127767,0,2,-0.312172377522981,0.6792945838081278,0,5.566666666666666,2,0,3,1,0.0
0,3,-0.5292143020647938,0,0,-0.49145565916975514,-0.5609748304808925,1,7.7958,2,0,2,2,1.0
0,3,0.1382371011310287,0,0,-0.4902797934380587,-0.5609748304808925,1,7.8542,2,0,1,2,0.0
0,2,1.2506561064573996,0,0,-0.12491978668775715,-0.5609748304808925,1,26.0,2,2,2,3,1.0
0,2,-0.45505303504303574,0,0,-0.43700743807979686,-0.5609748304808925,1,10.5,2,0,4,0,1.0
1,2,-0.08424669993424547,0,0,-0.393717860628643,-0.5609748304808925,1,12.65,2,0,3,0,0.0
1,3,0.7315272373050932,0,0,-0.4888542575852486,-0.5609748304808925,1,7.925,2,0,2,2,1.0
0,3,-0.23256923397776158,0,0,-0.4863374216869257,-0.5609748304808925,1,8.05,2,0,2,2,1.0
0,3,-0.6033755690865519,1,0,-0.4505983519307405,0.059159876663617626,0,4.9125,2,0,1,1,0.0
0,3,-0.08424669993424547,1,0,-0.32928686163157667,0.059159876663617626,0,7.925,2,0,2,2,1.0
0,3,-0.67753683610831,0,0,-0.47400492578514347,-0.5609748304808925,1,8.6625,2,0,1,0,0.0
0,2,0.3607209021963029,1,0,-0.22559322262067316,0.059159876663617626,0,10.5,2,0,2,0,1.0
0,3,1.6214624415661898,0,0,-0.49237782784290063,-0.5609748304808925,1,7.75,2,2,2,2,1.0
1,2,-1.938278375478197,1,1,-0.2708962687904854,0.6792945838081278,0,6.25,2,1,0,1,1.0
0,3,-0.6033755690865519,0,0,-0.4918744606632361,-0.5609748304808925,1,7.775,2,0,2,2,1.0
0,3,-0.825859370151826,3,1,-0.13565761536436197,1.9195639980971482,0,5.0933399999999995,2,0,1,1,0.0
0,3,-0.23256923397776158,0,0,-0.4894421904510968,-0.5609748304808925,1,7.8958,2,0,2,2,1.0
0,3,-0.23256923397776158,0,0,-0.5103319284071769,-0.5609748304808925,1,6.8583,1,0,2,1,1.0
1,1,0.2865596351745448,1,0,1.163700193253568,0.059159876663617626,0,45.0,1,0,1,3,0.0
0,2,0.1382371011310287,0,0,-0.6484216535389205,-0.5609748304808925,1,0.0,2,0,2,1,1.0
1,3,1.1023335724138834,0,0,-0.4888542575852486,-0.5609748304808925,1,7.925,2,0,2,2,1.0
0,3,0.1382371011310287,0,0,-0.4863374216869257,-0.5609748304808925,1,8.05,2,0,3,2,0.0
1,2,0.3607209021963029,1,1,0.005955680025033696,0.6792945838081278,0,10.833333333333334,2,0,3,0,0.0
1,2,-0.825859370151826,0,2,-0.3866707201133388,0.6792945838081278,0,4.333333333333333,2,0,1,1,0.0
0,2,0.06407583410927065,0,0,-0.3866707201133388,-0.5609748304808925,1,13.0,2,0,2,0,1.0
0,3,-1.4191495063258905,0,2,-0.1621689579829361,0.6792945838081278,0,8.049999999999999,2,1,1,2,0.0
0,3,-0.23256923397776158,0,0,-0.4894421904510968,-0.5609748304808925,1,7.8958,0,0,2,2,1.0
0,3,-0.6033755690865519,0,0,-0.49271407711891657,-0.5609748304808925,1,7.7333,1,0,2,2,1.0
0,3,-0.010085432912487412,0,0,-0.4898609919445778,-0.5609748304808925,1,7.875,2,0,2,2,1.0
0,3,-0.08424669993424547,1,1,-0.35848215805212236,0.6792945838081278,0,4.8,2,0,3,1,0.0
0,3,-0.825859370151826,1,1,-0.2414492887801075,0.6792945838081278,0,6.7375,2,0,2,1,1.0
0,3,-0.23256923397776158,0,0,-0.5024451714361923,-0.5609748304808925,1,7.25,2,0,2,1,1.0
1,2,-0.08424669993424547,1,0,-0.12491978668775715,0.059159876663617626,0,13.0,2,0,3,0,0.0
1,2,-0.751698103130068,0,0,-0.12491978668775715,-0.5609748304808925,1,26.0,2,0,1,3,0.0
0,3,-0.23256923397776158,0,0,-0.49237782784290063,-0.5609748304808925,1,7.75,1,0,2,2,1.0
1,3,0.21239836815278676,0,0,-0.4863374216869257,-0.5609748304808925,1,8.05,2,0,2,2,1.0
1,1,-0.08424669993424547,0,0,-0.11384570873513637,-0.5609748304808925,1,26.55,2,0,2,3,1.0
1,3,0.1382371011310287,1,0,-0.32425318983493084,0.059159876663617626,0,8.05,2,0,3,2,0.0
1,2,0.9540110383703673,1,0,-0.12491978668775715,0.059159876663617626,0,13.0,2,0,3,0,0.0
0,3,-0.900020637173584,0,0,-0.5049620073345151,-0.5609748304808925,1,7.125,2,0,2,1,1.0
0,1,1.5473011745444318,1,0,0.4771073601910807,0.059159876663617626,0,27.95,2,2,2,3,1.0
1,1,-1.1225044382388583,1,2,1.7677408088510642,1.299429290952638,0,30.0,2,0,1,3,0.0
0,3,-0.6033755690865519,2,2,0.04370821849987721,1.9195639980971482,0,6.875,2,0,1,1,0.0
1,2,-0.38089176802127767,2,3,-0.2708962687904854,2.5396987052416584,0,3.125,2,0,3,1,0.0
0,1,2.5855589128490446,1,4,4.647001076532463,2.5396987052416584,0,43.833333333333336,2,2,2,3,1.0
0,2,0.1382371011310287,0,0,-0.43700743807979686,-0.5609748304808925,1,10.5,2,0,2,0,1.0
1,2,1.1764948394356414,1,1,-0.11988611489111134,0.6792945838081278,0,8.75,2,0,3,0,0.0
0,3,-0.67753683610831,0,0,-0.45714212526638004,-0.5609748304808925,1,9.5,2,0,2,0,1.0
0,3,-0.30673050099951965,1,0,-0.4918744606632361,0.059159876663617626,0,3.8875,2,0,2,1,1.0
1,2,-0.08424669993424547,0,0,-0.3866707201133388,-0.5609748304808925,1,13.0,2,0,1,0,0.0
1,3,-0.23256923397776158,0,0,-0.48507900373776425,-0.5609748304808925,1,8.1125,2,0,2,2,1.0
1,1,-1.8641171084564387,0,2,0.9997696105865636,0.6792945838081278,0,27.2861,2,1,0,3,1.0
1,2,-1.1966657052606162,0,1,-0.255795253400548,0.059159876663617626,0,9.75,2,0,1,0,0.0
1,1,0.3607209021963029,0,0,-0.11384570873513637,-0.5609748304808925,1,26.55,2,0,2,3,1.0
1,3,-1.7899558414346808,2,1,-0.26066180729354516,1.299429290952638,0,4.814575,0,1,1,1,0.0
1,1,1.6956237085879478,0,0,-0.034313694348132716,-0.5609748304808925,1,30.5,2,2,4,3,1.0
0,2,0.509043436239819,1,2,-0.08968408411123653,1.299429290952638,0,6.9375,2,0,2,1,1.0
0,3,-0.23256923397776158,1,0,-0.2463983948905696,0.059159876663617626,0,9.98335,2,0,2,0,1.0
0,1,0.06407583410927065,0,0,-0.08968408411123653,-0.5609748304808925,1,27.75,0,0,2,3,1.0
1,1,1.4731399075226737,1,0,1.145663540471827,0.059159876663617626,0,44.5521,0,2,2,3,1.0
0,3,-0.23256923397776158,0,0,-0.4863374216869257,-0.5609748304808925,1,8.05,2,0,2,2,1.0
1,3,-0.010085432912487412,0,0,-0.4894421904510968,-0.5609748304808925,1,7.8958,0,0,2,2,1.0
0,1,2.659720179870803,0,0,-0.11384570873513637,-0.5609748304808925,1,26.55,2,2,2,3,1.0
1,1,0.8056885043268512,1,0,0.395813560675251,0.059159876663617626,0,25.93125,2,0,3,3,0.0
1,2,1.5473011745444318,0,0,-0.43700743807979686,-0.5609748304808925,1,10.5,2,2,1,0,0.0
0,3,-0.23256923397776158,0,0,-0.49237782784290063,-0.5609748304808925,1,7.75,1,0,2,2,1.0
1,1,1.3989786405009157,0,0,-0.11384570873513637,-0.5609748304808925,1,26.55,2,2,2,3,1.0
0,3,0.3607209021963029,0,0,-0.4863374216869257,-0.5609748304808925,1,8.05,2,0,2,2,1.0
0,1,1.3248173734791575,0,0,0.12676380314453292,-0.5609748304808925,1,38.5,2,2,2,3,1.0
0,2,1.3989786405009157,0,0,-0.3866707201133388,-0.5609748304808925,1,13.0,2,2,2,0,1.0
0,3,-0.23256923397776158,0,0,-0.4863374216869257,-0.5609748304808925,1,8.05,2,0,2,2,1.0
0,3,0.6573659702833351,0,0,-0.5064721088735089,-0.5609748304808925,1,7.05,2,0,2,1,1.0
0,2,0.1382371011310287,0,0,-0.6484216535389205,-0.5609748304808925,1,0.0,2,0,2,1,1.0
0,1,1.99226877667498,0,0,-0.11384570873513637,-0.5609748304808925,1,26.55,2,2,2,3,1.0
0,3,-0.23256923397776158,0,0,-0.4928811950225652,-0.5609748304808925,1,7.725,1,0,2,2,1.0
1,3,-2.1051412262771523,2,1,-0.26066180729354516,1.299429290952638,0,4.814575,0,1,1,1,0.0
0,3,-0.23256923397776158,0,0,-0.5024451714361923,-0.5609748304808925,1,7.25,2,0,2,1,1.0
0,3,0.6573659702833351,0,0,-0.47400492578514347,-0.5609748304808925,1,8.6625,2,0,2,0,1.0
1,2,0.2865596351745448,1,2,-0.08968408411123653,1.299429290952638,0,6.9375,2,0,3,1,0.0
1,2,-0.45505303504303574,0,0,-0.3707300882677209,-0.5609748304808925,1,13.7917,0,0,3,0,0.0
0,3,-0.5292143020647938,0,0,-0.45034666834090825,-0.5609748304808925,1,9.8375,2,0,1,0,0.0
0,1,0.8056885043268512,0,0,0.39858208016340624,-0.5609748304808925,1,52.0,2,0,2,3,1.0
0,2,0.3607209021963029,1,0,-0.22559322262067316,0.059159876663617626,0,10.5,2,0,2,0,1.0
0,3,-0.010085432912487412,1,0,-0.5065566745596926,0.059159876663617626,0,3.5229,2,0,2,1,1.0
0,3,-0.5292143020647938,0,0,-0.4969926981460655,-0.5609748304808925,1,7.5208,2,0,2,2,1.0
1,3,-2.012439642499955,0,1,-0.4010166847337793,0.059159876663617626,0,6.14375,2,1,1,1,0.0
0,3,-1.4933107733476485,5,2,0.2958951755118318,3.779968119530679,0,5.8625,2,1,0,1,1.0
0,2,0.1382371011310287,0,0,-0.6484216535389205,-0.5609748304808925,1,0.0,2,0,2,1,1.0
0,3,1.5473011745444318,0,0,-0.4863374216869257,-0.5609748304808925,1,8.05,2,2,2,2,1.0
1,3,2.5113976458272864,0,0,-0.455380340137554,-0.5609748304808925,1,9.5875,2,2,3,0,0.0
1,1,-0.30673050099951965,1,0,1.1854295476653287,0.059159876663617626,0,45.5396,0,0,2,3,1.0
0,3,-0.825859370151826,3,1,-0.13565761536436197,1.9195639980971482,0,5.0933399999999995,2,0,1,1,0.0
1,1,0.43488216921806094,1,0,1.163700193253568,0.059159876663617626,0,45.0,2,0,3,3,0.0
0,1,2.1405913107184964,0,0,-0.05042144409739929,-0.5609748304808925,1,29.7,0,2,2,3,1.0
0,3,0.06407583410927065,0,0,-0.4863374216869257,-0.5609748304808925,1,8.05,2,0,2,2,1.0
1,3,-1.4933107733476485,1,1,-0.32828012727224753,0.6792945838081278,0,5.3,2,1,0,1,1.0
0,3,-0.23256923397776158,1,0,-0.2463983948905696,0.059159876663617626,0,9.98335,2,0,2,0,1.0
0,3,-0.6033755690865519,0,0,-0.5024451714361923,-0.5609748304808925,1,7.25,2,0,2,1,1.0
0,1,1.918107509653222,0,0,-0.034313694348132716,-0.5609748304808925,1,30.5,2,2,2,3,1.0
0,1,3.104687782001351,0,0,0.3483299278831318,-0.5609748304808925,1,49.5042,0,2,2,3,1.0
0,3,-0.6033755690865519,0,0,-0.4863374216869257,-0.5609748304808925,1,8.05,2,0,2,2,1.0
0,3,-0.23256923397776158,0,0,-0.3573083057891445,-0.5609748304808925,1,14.4583,0,0,2,0,1.0
1,1,1.843946242631464,1,0,0.9274538680872313,0.059159876663617626,0,39.13335,0,2,1,3,0.0
0,3,-0.23256923397776158,0,0,-0.3443878770215141,-0.5609748304808925,1,15.1,2,0,2,0,1.0
0,1,-0.30673050099951965,1,2,2.4029901895877646,1.299429290952638,0,37.8875,2,0,3,3,0.0
0,3,-0.38089176802127767,0,0,-0.49145565916975514,-0.5609748304808925,1,7.7958,2,0,2,2,1.0
0,3,-0.900020637173584,0,0,-0.47400492578514347,-0.5609748304808925,1,8.6625,2,0,2,0,1.0
0,3,-0.6033755690865519,0,0,-0.49237782784290063,-0.5609748304808925,1,7.75,1,0,1,2,0.0
0,3,-0.825859370151826,0,0,-0.4948100980550399,-0.5609748304808925,1,7.6292,1,0,1,2,0.0
0,3,0.583204703261577,0,0,-0.455380340137554,-0.5609748304808925,1,9.5875,2,0,1,0,0.0
1,1,-0.9741819041953421,0,0,1.093228788100527,-0.5609748304808925,1,86.5,2,0,1,3,0.0
0,1,-0.825859370151826,1,0,1.5442457810799908,0.059159876663617626,0,54.45,0,0,2,3,1.0
1,2,0.2865596351745448,0,2,-0.12491978668775715,0.6792945838081278,0,8.666666666666666,2,0,3,0,0.0
1,1,0.8056885043268512,0,0,-0.11384570873513637,-0.5609748304808925,1,26.55,2,0,2,3,1.0
0,3,-0.08424669993424547,0,0,-0.1948878246611338,-0.5609748304808925,1,22.525,2,0,2,0,1.0
1,3,-0.23256923397776158,0,0,0.48910360681684706,-0.5609748304808925,1,56.4958,2,0,2,3,1.0
1,3,-0.010085432912487412,0,0,-0.49237782784290063,-0.5609748304808925,1,7.75,1,0,2,2,1.0
0,3,-0.23256923397776158,0,0,-0.4863374216869257,-0.5609748304808925,1,8.05,2,0,2,2,1.0
1,1,0.509043436239819,0,0,-0.11913106412161445,-0.5609748304808925,1,26.2875,2,0,2,3,1.0
1,1,1.843946242631464,1,0,0.5475787653441219,0.059159876663617626,0,29.7,0,2,3,3,0.0
0,3,-0.38089176802127767,0,0,-0.4974960653257301,-0.5609748304808925,1,7.4958,2,0,2,2,1.0
0,1,1.3248173734791575,0,0,0.036576512298389464,-0.5609748304808925,1,34.0208,2,2,2,3,1.0
1,2,0.3607209021963029,0,0,-0.43700743807979686,-0.5609748304808925,1,10.5,2,0,3,0,0.0
0,3,-0.23256923397776158,0,0,-0.1621689579829361,-0.5609748304808925,1,24.15,1,0,2,3,1.0
1,2,0.509043436239819,1,0,-0.12491978668775715,0.059159876663617626,0,13.0,2,0,3,0,0.0
0,3,0.21239836815278676,0,0,-0.4894421904510968,-0.5609748304808925,1,7.8958,2,0,2,2,1.0
1,1,0.06407583410927065,0,0,1.2341715984066093,-0.5609748304808925,1,93.5,2,0,1,3,0.0
0,3,-0.5292143020647938,0,0,-0.4894421904510968,-0.5609748304808925,1,7.8958,2,0,2,2,1.0
0,3,-0.23256923397776158,0,0,-0.5029485386158568,-0.5609748304808925,1,7.225,0,0,2,1,1.0
1,1,1.1023335724138834,0,1,0.5189714017894245,0.059159876663617626,0,28.9896,0,0,3,3,0.0
0,3,-0.23256923397776158,0,0,-0.5028639729296732,-0.5609748304808925,1,7.2292,0,0,2,1,1.0
0,3,0.8427691378377302,0,0,-0.49237782784290063,-0.5609748304808925,1,7.75,1,0,2,2,1.0
1,2,1.5473011745444318,0,0,-0.43700743807979686,-0.5609748304808925,1,10.5,2,2,1,0,0.0
0,1,0.8056885043268512,0,0,3.817033162951754,-0.5609748304808925,1,221.7792,2,0,2,3,1.0
0,3,0.7315272373050932,0,0,-0.4888542575852486,-0.5609748304808925,1,7.925,2,0,2,2,1.0
0,2,-0.45505303504303574,2,1,-0.41687275089321363,1.299429290952638,0,2.875,2,0,2,1,1.0
1,2,-2.012439642499955,1,1,-0.12491978668775715,0.6792945838081278,0,8.666666666666666,2,1,1,0,0.0
0,3,-0.23256923397776158,0,0,-0.5028639729296732,-0.5609748304808925,1,7.2292,0,0,2,1,1.0
0,3,-0.900020637173584,1,1,-0.5028639729296732,0.6792945838081278,0,2.409733333333333,0,0,2,1,1.0
1,3,0.1382371011310287,0,2,-0.19824427701513722,0.6792945838081278,0,7.452766666666666,0,0,3,2,0.0
0,3,0.06407583410927065,0,0,-0.47400492578514347,-0.5609748304808925,1,8.6625,2,0,1,0,0.0
1,2,-1.6416333073911646,0,2,-0.11988611489111134,0.6792945838081278,0,8.75,2,1,1,0,0.0
0,1,1.1764948394356414,0,0,-0.11384570873513637,-0.5609748304808925,1,26.55,2,0,4,3,1.0
1,1,0.06407583410927065,0,0,1.4944124302931971,-0.5609748304808925,1,106.425,0,0,1,3,0.0
0,3,-0.23256923397776158,0,0,-0.35646868933346404,-0.5609748304808925,1,14.5,2,0,2,0,1.0
1,1,-0.5292143020647938,0,2,0.3482453621969482,0.6792945838081278,0,16.5,0,0,1,0,0.0
1,1,0.509043436239819,0,2,0.7811411367084872,0.6792945838081278,0,23.666666666666668,2,0,1,0,0.0
0,3,-1.4933107733476485,4,2,-0.01870931177853076,3.1598334123861687,0,4.4678571428571425,2,1,1,1,0.0
0,3,-1.3449882393041324,4,2,-0.01870931177853076,3.1598334123861687,0,4.4678571428571425,2,1,1,1,0.0
1,2,0.21239836815278676,1,0,-0.12491978668775715,0.059159876663617626,0,13.0,2,0,2,0,1.0
0,1,1.5473011745444318,1,0,1.4944124302931971,0.059159876663617626,0,53.2125,0,2,2,3,1.0
0,1,2.5855589128490446,0,0,-0.12491978668775715,-0.5609748304808925,1,26.0,2,2,2,3,1.0
1,2,-0.751698103130068,1,0,-0.12491978668775715,0.059159876663617626,0,13.0,2,0,3,0,0.0
1,2,0.1382371011310287,0,0,-0.3693045524149108,-0.5609748304808925,1,13.8625,0,0,2,0,1.0
0,3,0.2865596351745448,1,1,-0.2351571990343002,0.6792945838081278,0,6.841666666666666,2,0,2,1,1.0
1,2,-1.5674720403694067,1,1,0.09152810056801232,0.6792945838081278,0,12.25,2,1,0,0,1.0
1,1,-0.900020637173584,0,2,1.5841789061771412,0.6792945838081278,0,36.9611,0,0,2,3,1.0
0,2,-0.1584079669560035,0,0,-0.12491978668775715,-0.5609748304808925,1,26.0,2,0,2,3,1.0
0,3,-0.23256923397776158,0,0,-0.49078316061772326,-0.5609748304808925,1,7.8292,1,0,2,2,1.0
1,3,-0.5292143020647938,0,0,-0.5029485386158568,-0.5609748304808925,1,7.225,0,0,2,1,1.0
1,3,-0.5292143020647938,0,0,-0.4918744606632361,-0.5609748304808925,1,7.775,2,0,1,2,0.0
0,1,2.4372363788055282,0,0,-0.11384570873513637,-0.5609748304808925,1,26.55,2,2,2,3,1.0
1,1,1.3989786405009157,1,0,0.1489119590497745,0.059159876663617626,0,19.8,0,2,4,0,0.0
0,1,0.8056885043268512,0,0,3.9327230485884233,-0.5609748304808925,1,227.525,0,0,2,3,1.0
1,1,0.7315272373050932,1,1,0.955306180872432,0.6792945838081278,0,26.55,2,0,3,3,0.0
1,3,0.509043436239819,1,0,-0.29807809649237277,0.059159876663617626,0,8.7,2,0,3,0,0.0
0,3,-0.23256923397776158,0,0,-0.49237782784290063,-0.5609748304808925,1,7.75,1,0,2,2,1.0
0,3,0.8056885043268512,0,0,-0.4894421904510968,-0.5609748304808925,1,7.8958,2,0,2,2,1.0
0,2,-0.08424669993424547,0,0,-0.3766033765200472,-0.5609748304808925,1,13.5,2,0,2,0,1.0
0,3,-0.23256923397776158,0,0,-0.4863374216869257,-0.5609748304808925,1,8.05,2,0,2,2,1.0
0,3,-0.825859370151826,0,0,-0.4863374216869257,-0.5609748304808925,1,8.05,2,0,1,2,0.0
0,3,-0.38089176802127767,2,0,-0.1621689579829361,0.6792945838081278,0,8.049999999999999,2,0,2,2,1.0
0,3,-0.751698103130068,0,0,-0.4894421904510968,-0.5609748304808925,1,7.8958,2,0,2,2,1.0
0,3,-0.010085432912487412,0,4,-0.22408312108167944,1.9195639980971482,0,4.215,2,0,3,1,0.0
0,3,-0.23256923397776158,0,0,-0.5028639729296732,-0.5609748304808925,1,7.2292,0,0,2,1,1.0
1,3,0.21239836815278676,0,0,-0.4902797934380587,-0.5609748304808925,1,7.8542,2,0,2,2,1.0
1,2,2.4372363788055282,0,0,-0.43700743807979686,-0.5609748304808925,1,10.5,2,2,2,0,1.0
1,1,1.769784975609706,2,0,0.38809593507663365,0.6792945838081278,0,17.15973333333333,2,2,3,0,0.0
1,1,0.509043436239819,0,0,-0.11711759540295616,-0.5609748304808925,1,26.3875,2,0,2,3,1.0
1,3,-0.825859370151826,0,0,-0.49237782784290063,-0.5609748304808925,1,7.75,1,0,1,2,0.0
0,3,-0.9741819041953421,0,0,-0.4863374216869257,-0.5609748304808925,1,8.05,2,0,2,2,1.0
0,3,-0.751698103130068,0,0,-0.35646868933346404,-0.5609748304808925,1,14.5,2,0,2,0,1.0
1,2,0.3607209021963029,0,0,-0.3866707201133388,-0.5609748304808925,1,13.0,2,0,1,0,0.0
1,1,0.7315272373050932,1,0,0.4771073601910807,0.059159876663617626,0,27.95,2,0,3,3,0.0
0,3,0.1382371011310287,1,0,-0.3573083057891445,0.059159876663617626,0,7.22915,0,0,3,1,0.0
1,3,0.21239836815278676,0,0,-0.4888542575852486,-0.5609748304808925,1,7.925,2,0,2,2,1.0
1,2,-0.30673050099951965,1,1,-0.04438103794142432,0.6792945838081278,0,10.0,2,0,1,0,0.0
1,1,0.7315272373050932,1,1,1.5841789061771412,0.6792945838081278,0,36.9611,0,0,3,3,0.0
0,2,1.843946242631464,0,0,-0.12491978668775715,-0.5609748304808925,1,26.0,2,2,2,3,1.0
0,1,0.509043436239819,0,0,0.15948266982273065,-0.5609748304808925,1,40.125,0,0,2,3,1.0
0,3,-0.23256923397776158,0,0,-0.47299819142581434,-0.5609748304808925,1,8.7125,0,0,2,0,1.0
1,1,-0.825859370151826,0,2,0.955306180872432,0.6792945838081278,0,26.55,2,0,1,3,0.0
0,2,1.3248173734791575,0,0,-0.3464013457401724,-0.5609748304808925,1,15.0,2,2,2,0,1.0
1,1,2.2889138447620123,1,1,0.9462455716384695,0.6792945838081278,0,26.400000000000002,0,2,2,3,1.0
0,3,-0.5292143020647938,0,0,-0.4863374216869257,-0.5609748304808925,1,8.05,2,0,2,2,1.0
0,3,-0.23256923397776158,0,0,-0.4863374216869257,-0.5609748304808925,1,8.05,2,0,2,2,1.0
0,3,0.43488216921806094,0,0,-0.5049620073345151,-0.5609748304808925,1,7.125,2,0,2,1,1.0
1,1,1.6956237085879478,1,0,0.9274538680872313,0.059159876663617626,0,39.13335,0,2,3,3,0.0
0,3,1.3248173734791575,0,0,-0.5024451714361923,-0.5609748304808925,1,7.25,2,2,2,1,1.0
0,3,-0.825859370151826,0,2,-0.49237782784290063,0.6792945838081278,0,2.5833333333333335,1,0,1,1,0.0
0,2,0.583204703261577,1,0,-0.12491978668775715,0.059159876663617626,0,13.0,2,0,2,0,1.0
0,3,0.509043436239819,1,1,-0.1621689579829361,0.6792945838081278,0,8.049999999999999,2,0,2,2,1.0
1,2,-0.38089176802127767,0,0,0.016023023618325298,-0.5609748304808925,1,33.0,2,0,1,3,0.0
0,3,1.4731399075226737,0,0,-0.6484216535389205,-0.5609748304808925,1,0.0,2,2,2,1,1.0
0,3,-0.23256923397776158,0,0,-0.5029485386158568,-0.5609748304808925,1,7.225,0,0,2,1,1.0
1,1,1.4731399075226737,1,0,0.49782998024351216,0.059159876663617626,0,28.4646,0,2,4,3,1.0
1,2,-0.38089176802127767,2,1,-0.10478509950117394,1.299429290952638,0,6.75,2,0,3,1,0.0
0,3,-0.23256923397776158,0,0,-0.4894421904510968,-0.5609748304808925,1,7.8958,2,0,2,2,1.0
0,1,0.8056885043268512,0,0,0.2052890831722074,-0.5609748304808925,1,42.4,2,0,2,3,1.0
0,3,1.1023335724138834,0,0,-0.4863374216869257,-0.5609748304808925,1,8.05,2,0,2,2,1.0
1,1,0.43488216921806094,0,0,-0.11384570873513637,-0.5609748304808925,1,26.55,0,0,2,3,1.0
0,3,0.509043436239819,1,0,-0.3353272677875516,0.059159876663617626,0,7.775,2,0,2,2,1.0
0,3,0.06407583410927065,0,0,-0.4894421904510968,-0.5609748304808925,1,7.8958,2,0,2,2,1.0
1,1,-0.1584079669560035,0,0,-0.034313694348132716,-0.5609748304808925,1,30.5,2,0,2,3,1.0
1,2,-0.5292143020647938,1,2,0.18876253192945994,1.299429290952638,0,10.3948,0,0,3,0,0.0
1,1,0.8056885043268512,0,0,2.441497778832105,-0.5609748304808925,1,153.4625,2,0,1,3,0.0
0,3,0.7315272373050932,1,5,-0.01870931177853076,3.1598334123861687,0,4.4678571428571425,2,0,3,1,0.0
0,3,-0.23256923397776158,0,0,-0.5064721088735089,-0.5609748304808925,1,7.05,2,0,2,1,1.0
1,3,-0.825859370151826,1,0,-0.3363340021468808,0.059159876663617626,0,7.75,1,0,1,2,0.0
0,3,-0.23256923397776158,0,0,-0.49237782784290063,-0.5609748304808925,1,7.75,1,0,2,2,1.0
0,3,0.43488216921806094,0,0,-0.4863374216869257,-0.5609748304808925,1,8.05,2,0,2,2,1.0
1,2,-0.38089176802127767,1,2,0.6603330135889879,1.299429290952638,0,16.25,2,0,1,0,0.0
0,3,0.3607209021963029,1,1,-0.35848215805212236,0.6792945838081278,0,4.8,2,0,2,1,1.0
0,3,-0.23256923397776158,1,0,-0.32425318983493084,0.059159876663617626,0,8.05,2,0,3,2,0.0
1,2,-1.8641171084564387,2,1,0.13683114673782454,1.299429290952638,0,9.75,2,1,1,0,0.0
0,2,-0.23256923397776158,0,0,-0.43700743807979686,-0.5609748304808925,1,10.5,2,0,2,0,1.0
0,3,-0.1584079669560035,1,0,-0.3573908580066095,0.059159876663617626,0,7.2271,0,0,2,1,1.0
1,1,0.9540110383703673,1,0,0.40974072380221066,0.059159876663617626,0,26.2771,2,0,2,3,1.0
1,3,-0.67753683610831,1,1,-0.33146744825388363,0.6792945838081278,0,5.247233333333333,0,0,2,1,1.0
0,3,-0.6033755690865519,0,0,-0.4902797934380587,-0.5609748304808925,1,7.8542,2,0,2,2,1.0
0,3,-0.6033755690865519,0,0,-0.32425318983493084,-0.5609748304808925,1,16.1,2,0,2,0,1.0
0,1,2.3630751117837705,0,0,0.002347544081197954,-0.5609748304808925,1,32.3208,2,2,2,3,1.0
0,2,2.066430043696738,0,0,-0.3997582667846179,-0.5609748304808925,1,12.35,1,2,4,0,1.0
1,1,-0.6033755690865519,0,0,0.921244330558889,-0.5609748304808925,1,77.9583,2,0,1,3,0.0
0,3,-0.23256923397776158,0,0,-0.4894421904510968,-0.5609748304808925,1,7.8958,2,0,2,2,1.0
0,3,-0.23256923397776158,0,0,-0.49271407711891657,-0.5609748304808925,1,7.7333,1,0,2,2,1.0
1,1,3.7721391851971733,0,0,-0.04438103794142432,-0.5609748304808925,1,30.0,2,2,2,3,1.0
0,3,1.6214624415661898,0,0,-0.5063875431873253,-0.5609748304808925,1,7.0542,2,2,2,1,1.0
1,1,0.21239836815278676,0,0,-0.034313694348132716,-0.5609748304808925,1,30.5,0,0,4,3,1.0
0,1,0.8056885043268512,0,0,-0.6484216535389205,-0.5609748304808925,1,0.0,2,0,2,1,1.0
0,3,-1.4933107733476485,3,2,-0.08666388103324908,2.5396987052416584,0,4.6499999999999995,2,1,1,1,0.0
1,2,-0.08424669993424547,0,0,-0.3866707201133388,-0.5609748304808925,1,13.0,2,0,1,0,0.0
0,3,0.21239836815278676,0,0,-0.4888542575852486,-0.5609748304808925,1,7.925,2,0,2,2,1.0
0,2,0.1382371011310287,1,1,-0.11988611489111134,0.6792945838081278,0,8.75,2,0,2,0,1.0
0,3,0.8798497713486092,0,5,0.1506737441786005,2.5396987052416584,0,6.614583333333333,2,0,3,1,0.0
0,3,-0.23256923397776158,1,0,-0.32425318983493084,0.059159876663617626,0,8.05,2,0,2,2,1.0
0,3,-0.67753683610831,0,0,-0.4902797934380587,-0.5609748304808925,1,7.8542,2,0,2,2,1.0
1,1,-0.38089176802127767,0,0,0.7469121684912956,-0.5609748304808925,1,69.3,0,0,1,3,0.0
0,3,-2.012439642499955,3,2,-0.08666388103324908,2.5396987052416584,0,4.6499999999999995,2,1,1,1,0.0
1,3,-0.23256923397776158,0,0,0.48910360681684706,-0.5609748304808925,1,56.4958,2,0,2,3,1.0
1,3,-2.1051412262771523,2,1,-0.26066180729354516,1.299429290952638,0,4.814575,0,1,1,1,0.0
1,1,1.3989786405009157,1,0,0.8964967865378598,0.059159876663617626,0,38.3646,0,2,2,3,1.0
0,3,-0.751698103130068,0,0,-0.4894421904510968,-0.5609748304808925,1,7.8958,2,0,2,2,1.0
1,1,1.99226877667498,0,0,0.06635974158478332,-0.5609748304808925,1,35.5,0,2,4,3,1.0
0,3,-0.23256923397776158,0,0,-0.49640476528021726,-0.5609748304808925,1,7.55,2,0,2,2,1.0
1,3,-0.45505303504303574,0,0,-0.49640476528021726,-0.5609748304808925,1,7.55,2,0,1,2,0.0
0,3,-0.23256923397776158,0,0,-0.4894421904510968,-0.5609748304808925,1,7.8958,2,0,2,2,1.0
1,2,-0.825859370151826,0,1,-0.18532384824750675,0.059159876663617626,0,11.5,2,0,1,0,0.0
0,3,-0.6033755690865519,0,0,-0.47861979608830835,-0.5609748304808925,1,8.4333,2,0,2,0,1.0
1,3,-0.825859370151826,0,0,-0.49078316061772326,-0.5609748304808925,1,7.8292,1,0,1,2,0.0
0,3,-0.825859370151826,0,0,-0.5125125150294839,-0.5609748304808925,1,6.75,1,0,1,1,0.0
0,2,-0.38089176802127767,2,0,0.8314778546749452,0.6792945838081278,0,24.5,2,0,2,3,1.0
0,3,-0.23256923397776158,0,0,-0.4894421904510968,-0.5609748304808925,1,7.8958,2,0,2,2,1.0
0,3,0.21239836815278676,1,1,-0.3363340021468808,0.6792945838081278,0,5.166666666666667,1,0,3,1,0.0
0,2,-0.45505303504303574,0,0,-0.3866707201133388,-0.5609748304808925,1,13.0,2,0,2,0,1.0
0,1,2.1405913107184964,0,2,1.6323350375212924,0.6792945838081278,0,37.75833333333333,0,2,2,3,1.0
1,1,1.5473011745444318,2,0,2.042579288947925,0.6792945838081278,0,44.550000000000004,2,2,4,3,1.0
0,3,0.8056885043268512,0,0,-0.5029485386158568,-0.5609748304808925,1,7.225,0,0,2,1,1.0
0,1,1.3248173734791575,0,0,-0.13322534515222276,-0.5609748304808925,1,25.5875,2,2,2,3,1.0
0,3,0.509043436239819,0,0,-0.4974960653257301,-0.5609748304808925,1,7.4958,2,0,2,2,1.0
1,3,-0.67753683610831,1,0,-0.4888542575852486,0.059159876663617626,0,3.9625,2,0,2,1,1.0
0,2,0.21239836815278676,2,0,0.8314778546749452,0.6792945838081278,0,24.5,2,0,2,3,1.0
0,2,-0.30673050099951965,0,0,-0.3866707201133388,-0.5609748304808925,1,13.0,2,0,2,0,1.0
0,3,-0.23256923397776158,0,0,-0.4918744606632361,-0.5609748304808925,1,7.775,2,0,2,2,1.0
0,3,1.0281723053921255,0,0,-0.4863374216869257,-0.5609748304808925,1,8.05,2,0,2,2,1.0
1,1,0.8056885043268512,1,0,0.39858208016340624,0.059159876663617626,0,26.0,2,0,3,3,0.0
1,2,0.8056885043268512,1,1,0.13683114673782454,0.6792945838081278,0,13.0,2,0,3,0,0.0
0,1,0.1382371011310287,1,0,0.39858208016340624,0.059159876663617626,0,26.0,2,0,2,3,1.0
0,2,3.030526514979593,0,0,-0.43700743807979686,-0.5609748304808925,1,10.5,2,2,2,0,1.0
1,2,0.1382371011310287,0,0,-0.3866707201133388,-0.5609748304808925,1,13.0,2,0,2,0,1.0
0,2,0.1382371011310287,0,0,-0.6484216535389205,-0.5609748304808925,1,0.0,2,0,2,1,1.0
0,3,-0.825859370151826,0,0,-0.4918744606632361,-0.5609748304808925,1,7.775,2,0,2,2,1.0
0,3,-0.3438111345103987,0,0,-0.4863374216869257,-0.5609748304808925,1,8.05,2,0,2,2,1.0
1,3,-0.825859370151826,0,0,-0.45026210265472455,-0.5609748304808925,1,9.8417,2,0,1,0,0.0
0,3,1.0281723053921255,1,6,0.2958951755118318,3.779968119530679,0,5.8625,2,0,3,1,0.0
1,1,0.509043436239819,0,1,9.667166525013505,0.059159876663617626,0,256.1646,0,0,2,3,1.0
0,3,-0.825859370151826,0,0,-0.48457563655809965,-0.5609748304808925,1,8.1375,1,0,1,2,0.0
1,1,-0.1584079669560035,0,0,0.8964967865378598,-0.5609748304808925,1,76.7292,0,0,2,3,1.0
0,3,-0.67753683610831,0,0,-0.4626791642426904,-0.5609748304808925,1,9.225,2,0,2,0,1.0
0,3,-1.1225044382388583,5,2,0.2958951755118318,3.779968119530679,0,5.8625,2,0,2,1,1.0
0,2,2.2889138447620123,1,1,0.13683114673782454,0.6792945838081278,0,13.0,2,2,2,0,1.0
0,2,-0.30673050099951965,1,2,0.18876253192945994,1.299429290952638,0,10.3948,0,0,2,0,1.0
0,3,-1.1225044382388583,4,1,0.1506737441786005,2.5396987052416584,0,6.614583333333333,2,0,2,1,1.0
0,3,-0.751698103130068,0,0,-0.44363577710162005,-0.5609748304808925,1,10.1708,2,0,2,0,1.0
0,3,-0.825859370151826,0,0,-0.49145565916975514,-0.5609748304808925,1,7.7958,2,0,2,2,1.0
1,1,-1.0483431712171,0,1,3.6067927997556075,0.059159876663617626,0,105.66875,2,0,1,3,0.0
1,1,0.1382371011310287,1,0,0.49925551609632224,0.059159876663617626,0,28.5,2,0,2,3,1.0
1,3,-1.8641171084564387,0,1,-0.37828059596268965,0.059159876663617626,0,6.70835,0,1,1,1,0.0
1,3,-0.23256923397776158,0,0,0.48910360681684706,-0.5609748304808925,1,56.4958,2,0,2,3,1.0
0,3,-0.30673050099951965,0,0,-0.5029485386158568,-0.5609748304808925,1,7.225,0,0,2,1,1.0
0,1,2.2889138447620123,0,0,-0.11384570873513637,-0.5609748304808925,1,26.55,2,2,4,3,1.0
0,2,1.6956237085879478,0,0,-0.3766033765200472,-0.5609748304808925,1,13.5,2,2,2,0,1.0
0,3,1.1023335724138834,0,0,-0.4863374216869257,-0.5609748304808925,1,8.05,2,0,2,2,1.0
1,3,-0.825859370151826,0,0,-0.49271407711891657,-0.5609748304808925,1,7.7333,1,0,1,2,0.0
0,1,1.4731399075226737,1,1,1.5841789061771412,0.6792945838081278,0,36.9611,0,2,2,3,1.0
0,3,0.9540110383703673,0,0,-0.494391296561559,-0.5609748304808925,1,7.65,2,0,2,2,1.0
1,1,-0.825859370151826,1,0,3.9327230485884233,0.059159876663617626,0,113.7625,0,0,3,3,0.0
1,1,0.43488216921806094,0,0,-0.11913106412161445,-0.5609748304808925,1,26.2875,2,0,2,3,1.0
0,3,-0.825859370151826,0,1,-0.3573908580066095,0.059159876663617626,0,7.2271,0,0,1,1,0.0
0,3,-0.30673050099951965,0,0,-0.4925449457465493,-0.5609748304808925,1,7.7417,1,0,2,2,1.0
0,3,-0.23256923397776158,1,0,-0.4902797934380587,0.059159876663617626,0,3.9271,2,0,2,1,1.0
0,2,0.7315272373050932,0,0,-0.12491978668775715,-0.5609748304808925,1,26.0,2,0,2,3,1.0
1,2,1.1764948394356414,0,0,-0.3766033765200472,-0.5609748304808925,1,13.5,2,0,3,0,0.0
1,1,0.9540110383703673,0,0,-0.11913106412161445,-0.5609748304808925,1,26.2875,2,0,2,3,1.0
1,1,-0.5292143020647938,0,0,2.4029901895877646,-0.5609748304808925,1,151.55,2,0,1,3,0.0
1,3,-1.8641171084564387,1,1,-0.3414522396297103,0.6792945838081278,0,5.081933333333333,0,1,0,1,1.0
1,1,-0.38089176802127767,0,0,0.3483299278831318,-0.5609748304808925,1,49.5042,0,0,1,3,0.0
0,1,0.8056885043268512,0,0,-0.11384570873513637,-0.5609748304808925,1,26.55,2,0,2,3,1.0
1,1,1.3989786405009157,1,0,0.39858208016340624,0.059159876663617626,0,26.0,2,2,2,3,1.0
0,3,-0.010085432912487412,0,0,-0.457478374542396,-0.5609748304808925,1,9.4833,2,0,2,0,1.0
0,2,1.6956237085879478,0,0,-0.3866707201133388,-0.5609748304808925,1,13.0,2,2,2,0,1.0
0,3,-0.751698103130068,0,0,-0.494391296561559,-0.5609748304808925,1,7.65,2,0,2,2,1.0
1,1,0.6573659702833351,0,0,3.9327230485884233,-0.5609748304808925,1,227.525,0,0,1,3,0.0
1,2,-0.1584079669560035,0,0,-0.43700743807979686,-0.5609748304808925,1,10.5,2,0,1,0,0.0
0,3,-0.23256923397776158,0,0,-0.3363340021468808,-0.5609748304808925,1,15.5,1,0,2,0,1.0
0,3,0.2865596351745448,0,0,-0.4918744606632361,-0.5609748304808925,1,7.775,2,0,2,2,1.0
1,2,-1.7157945744129226,0,1,0.016023023618325298,0.059159876663617626,0,16.5,2,1,1,0,0.0
0,3,-0.900020637173584,1,0,-0.5063875431873253,0.059159876663617626,0,3.5271,2,0,2,1,1.0
0,2,0.3607209021963029,0,0,-0.3866707201133388,-0.5609748304808925,1,13.0,2,0,2,0,1.0
0,2,1.5473011745444318,0,0,-0.3866707201133388,-0.5609748304808925,1,13.0,2,2,2,0,1.0
1,1,-0.1584079669560035,1,0,0.4207302360686478,0.059159876663617626,0,26.55,2,0,2,3,1.0
0,3,-0.67753683610831,0,0,-0.47400492578514347,-0.5609748304808925,1,8.6625,2,0,2,0,1.0
1,2,0.06407583410927065,3,0,-0.22559322262067316,1.299429290952638,0,5.25,2,0,3,1,0.0
1,3,-0.825859370151826,0,0,-0.4926295114327329,-0.5609748304808925,1,7.7375,1,0,1,2,0.0
0,2,-0.30673050099951965,1,0,-0.12491978668775715,0.059159876663617626,0,13.0,2,0,2,0,1.0
0,3,-0.30673050099951965,1,0,-0.4888542575852486,0.059159876663617626,0,3.9625,2,0,1,1,0.0
1,1,-0.010085432912487412,0,0,3.6067927997556075,-0.5609748304808925,1,211.3375,2,0,1,3,0.0
0,3,-1.3449882393041324,0,0,-0.2701412180209885,-0.5609748304808925,1,18.7875,0,1,2,0,1.0
0,2,0.1382371011310287,0,0,-0.6484216535389205,-0.5609748304808925,1,0.0,2,0,2,1,1.0
0,2,-0.45505303504303574,0,0,-0.3866707201133388,-0.5609748304808925,1,13.0,2,0,2,0,1.0
0,2,-0.45505303504303574,0,0,-0.3866707201133388,-0.5609748304808925,1,13.0,2,0,2,0,1.0
0,3,-0.04716606642336644,0,0,-0.32425318983493084,-0.5609748304808925,1,16.1,2,0,2,0,1.0
0,3,1.3989786405009157,1,3,0.04370821849987721,1.9195639980971482,0,6.875,2,2,3,1,0.0
1,1,0.43488216921806094,0,0,9.667166525013505,-0.5609748304808925,1,512.3292,0,0,2,3,1.0
0,3,-0.23256923397776158,0,0,-0.4894421904510968,-0.5609748304808925,1,7.8958,2,0,2,2,1.0
0,3,-0.23256923397776158,0,0,-0.4894421904510968,-0.5609748304808925,1,7.8958,2,0,2,2,1.0
1,1,0.8056885043268512,0,0,-0.04438103794142432,-0.5609748304808925,1,30.0,2,0,2,3,1.0
0,1,0.509043436239819,1,0,0.9391984311231651,0.059159876663617626,0,39.425,2,0,2,3,1.0
1,1,-0.6033755690865519,2,2,4.634416897040849,1.9195639980971482,0,52.475,0,0,1,3,0.0
0,3,-0.38089176802127767,1,0,-0.32425318983493084,0.059159876663617626,0,8.05,2,0,2,2,1.0
1,3,0.1382371011310287,0,0,-0.4888542575852486,-0.5609748304808925,1,7.925,2,0,2,2,1.0
0,1,3.030526514979593,1,1,0.7811411367084872,0.6792945838081278,0,23.666666666666668,2,2,4,0,1.0
0,3,-0.9741819041953421,1,1,-0.24069423801061057,0.6792945838081278,0,6.75,2,0,2,1,1.0
1,2,0.06407583410927065,0,0,-0.3866707201133388,-0.5609748304808925,1,13.0,2,0,1,0,0.0
0,1,-0.751698103130068,1,0,0.4207302360686478,0.059159876663617626,0,26.55,2,0,2,3,1.0
0,3,0.1382371011310287,0,0,-0.49237782784290063,-0.5609748304808925,1,7.75,1,0,2,2,1.0
1,2,-1.8641171084564387,1,1,-0.18532384824750675,0.6792945838081278,0,7.666666666666667,2,1,1,2,0.0
1,3,-1.7157945744129226,0,1,-0.397241430886295,0.059159876663617626,0,6.2375,2,1,0,1,1.0
0,3,0.2865596351745448,0,0,-0.45714212526638004,-0.5609748304808925,1,9.5,2,0,2,0,1.0
0,3,-0.45505303504303574,0,0,-0.4894421904510968,-0.5609748304808925,1,7.8958,2,0,2,2,1.0
1,2,1.3989786405009157,1,2,0.6603330135889879,1.299429290952638,0,16.25,2,2,3,0,0.0
1,2,-2.111074127638893,1,1,-0.35646868933346404,0.6792945838081278,0,4.833333333333333,2,1,0,1,1.0
0,3,-0.08424669993424547,0,0,-0.49145565916975514,-0.5609748304808925,1,7.7958,2,0,2,2,1.0
0,2,-0.825859370151826,0,0,-0.41687275089321363,-0.5609748304808925,1,11.5,2,0,2,0,1.0
0,3,0.3607209021963029,0,0,-0.4863374216869257,-0.5609748304808925,1,8.05,2,0,2,2,1.0
1,1,0.2865596351745448,0,0,1.093228788100527,-0.5609748304808925,1,86.5,2,0,5,3,0.0
0,3,-0.23256923397776158,0,0,-0.35646868933346404,-0.5609748304808925,1,14.5,2,0,2,0,1.0
0,3,0.8798497713486092,0,0,-0.5049620073345151,-0.5609748304808925,1,7.125,2,0,2,1,1.0
1,3,-0.67753683610831,0,0,-0.5028639729296732,-0.5609748304808925,1,7.2292,0,0,2,1,1.0
1,1,0.509043436239819,1,2,1.7677408088510642,1.299429290952638,0,30.0,2,0,3,3,0.0
0,3,-0.9741819041953421,0,0,-0.4918744606632361,-0.5609748304808925,1,7.775,2,0,2,2,1.0
1,1,1.6214624415661898,1,0,0.921244330558889,0.059159876663617626,0,38.97915,2,2,3,3,0.0
0,1,1.4731399075226737,0,0,0.1489119590497745,-0.5609748304808925,1,39.6,0,2,4,3,1.0
0,3,0.10115646762014967,0,0,-0.49237782784290063,-0.5609748304808925,1,7.75,1,0,1,2,0.0
0,3,-0.23256923397776158,1,0,-0.1621689579829361,0.059159876663617626,0,12.075,1,0,2,0,1.0
0,3,0.21239836815278676,0,0,-0.4800453319411184,-0.5609748304808925,1,8.3625,2,0,2,0,1.0
0,3,-0.38089176802127767,0,0,-0.45714212526638004,-0.5609748304808925,1,9.5,2,0,2,0,1.0
0,3,1.3989786405009157,0,0,-0.4902797934380587,-0.5609748304808925,1,7.8542,2,2,2,2,1.0
0,2,2.066430043696738,0,0,-0.43700743807979686,-0.5609748304808925,1,10.5,2,2,3,0,0.0
0,3,-0.23256923397776158,0,0,-0.5029485386158568,-0.5609748304808925,1,7.225,0,0,2,1,1.0
1,2,1.843946242631464,1,3,-0.18532384824750675,1.9195639980971482,0,4.6,2,2,3,1,0.0
0,3,-0.825859370151826,0,0,-0.49237782784290063,-0.5609748304808925,1,7.75,2,0,2,2,1.0
0,3,-0.23256923397776158,0,0,-0.49237782784290063,-0.5609748304808925,1,7.75,1,0,2,2,1.0
1,3,-1.7899558414346808,0,0,-0.397241430886295,-0.5609748304808925,1,12.475,2,1,1,0,0.0
0,3,-0.23256923397776158,0,0,-0.4926295114327329,-0.5609748304808925,1,7.7375,1,0,2,2,1.0
1,1,1.0281723053921255,0,1,3.6067927997556075,0.059159876663617626,0,105.66875,2,0,3,3,0.0
1,3,-1.1966657052606162,0,0,-0.5028639729296732,-0.5609748304808925,1,7.2292,0,0,1,1,0.0
1,1,-0.900020637173584,1,0,0.49925551609632224,0.059159876663617626,0,28.5,2,0,3,3,0.0
0,1,-0.010085432912487412,0,0,-0.04438103794142432,-0.5609748304808925,1,30.0,2,0,2,3,1.0
0,3,-0.23256923397776158,1,2,-0.17626323901354432,1.299429290952638,0,5.8625,2,0,2,1,1.0
0,3,-0.30673050099951965,0,0,-0.5064721088735089,-0.5609748304808925,1,7.05,2,0,2,1,1.0
0,3,-0.30673050099951965,0,0,-0.5024451714361923,-0.5609748304808925,1,7.25,2,0,2,1,1.0
1,3,-0.825859370151826,0,0,-0.4974960653257301,-0.5609748304808925,1,7.4958,2,0,1,2,0.0
0,3,-1.5674720403694067,4,1,-0.06199888922968463,2.5396987052416584,0,4.854166666666667,1,1,0,1,1.0
1,3,-2.086600909521713,1,2,-0.23415046467497105,1.299429290952638,0,5.14375,2,1,0,1,1.0
0,1,1.2506561064573996,0,0,0.9462455716384695,-0.5609748304808925,1,79.2,0,2,2,3,1.0
0,3,-0.23256923397776158,0,0,-0.49237782784290063,-0.5609748304808925,1,7.75,1,0,2,2,1.0
0,2,-0.9741819041953421,0,0,-0.12491978668775715,-0.5609748304808925,1,26.0,2,0,2,3,1.0
0,3,-0.825859370151826,8,2,0.7519458402879414,5.64037224096421,0,6.322727272727272,2,0,1,1,0.0
0,1,0.8056885043268512,0,0,-0.030371322596999754,-0.5609748304808925,1,30.6958,0,0,2,3,1.0
0,3,-0.30673050099951965,0,0,-0.4894421904510968,-0.5609748304808925,1,7.8958,2,0,2,2,1.0
0,2,0.7315272373050932,0,0,-0.3866707201133388,-0.5609748304808925,1,13.0,2,0,2,0,1.0
1,1,1.4731399075226737,0,0,-0.1263453225405672,-0.5609748304808925,1,25.9292,2,2,4,3,0.0
1,3,0.1382371011310287,0,0,-0.4735861242916626,-0.5609748304808925,1,8.6833,2,0,3,0,0.0
0,3,0.06407583410927065,0,0,-0.5028639729296732,-0.5609748304808925,1,7.2292,0,0,2,1,1.0
0,3,0.06407583410927065,1,1,-0.1621689579829361,0.6792945838081278,0,8.049999999999999,2,0,3,2,0.0
0,2,0.3607209021963029,0,0,-0.3866707201133388,-0.5609748304808925,1,13.0,2,0,2,0,1.0
1,2,0.1382371011310287,1,1,-0.11988611489111134,0.6792945838081278,0,8.75,2,0,3,0,0.0
1,1,-1.3449882393041324,1,2,1.7677408088510642,1.299429290952638,0,30.0,2,1,0,3,1.0
1,3,-2.1296144443943326,0,1,-0.47694056317694733,0.059159876663617626,0,4.25835,0,1,0,1,1.0
1,3,-0.1584079669560035,0,0,-0.5079822104125026,-0.5609748304808925,1,6.975,2,0,2,1,1.0
0,3,0.1382371011310287,0,0,-0.4918744606632361,-0.5609748304808925,1,7.775,2,0,2,2,1.0
0,1,0.7315272373050932,0,0,-0.6484216535389205,-0.5609748304808925,1,0.0,2,0,2,1,1.0
0,3,-0.825859370151826,0,0,-0.4918744606632361,-0.5609748304808925,1,7.775,2,0,1,2,0.0
0,2,0.7315272373050932,0,0,-0.3866707201133388,-0.5609748304808925,1,13.0,2,0,2,0,1.0
1,1,0.2865596351745448,1,0,0.4207302360686478,0.059159876663617626,0,26.55,2,0,3,3,0.0
0,3,-0.23256923397776158,0,0,-0.4896093083547455,-0.5609748304808925,1,7.8875,2,0,2,2,1.0
0,3,0.7315272373050932,0,0,-0.1621689579829361,-0.5609748304808925,1,24.15,2,0,2,3,1.0
0,2,0.43488216921806094,0,0,-0.43700743807979686,-0.5609748304808925,1,10.5,2,0,2,0,1.0
0,3,-1.7157945744129226,4,2,-0.01870931177853076,3.1598334123861687,0,4.4678571428571425,2,1,1,1,0.0
0,3,0.10115646762014967,0,0,-0.4863374216869257,-0.5609748304808925,1,8.05,2,0,2,2,1.0
0,1,0.8056885043268512,0,0,-0.6484216535389205,-0.5609748304808925,1,0.0,2,0,2,1,1.0
0,3,-0.45505303504303574,0,0,-0.4888542575852486,-0.5609748304808925,1,7.925,2,0,1,2,0.0
0,2,0.1382371011310287,1,1,0.09664633805084172,0.6792945838081278,0,12.334733333333332,0,0,2,0,1.0
0,3,1.0281723053921255,0,0,-0.5185529211854588,-0.5609748304808925,1,6.45,2,0,2,1,1.0
0,3,-1.4191495063258905,3,2,-0.08666388103324908,2.5396987052416584,0,4.6499999999999995,2,1,0,1,1.0
1,1,1.6956237085879478,1,1,1.2341715984066093,0.6792945838081278,0,31.166666666666668,2,2,3,3,0.0
1,3,-0.1584079669560035,0,0,-0.47400492578514347,-0.5609748304808925,1,8.6625,2,0,2,0,1.0
0,1,0.6573659702833351,0,0,-0.6484216535389205,-0.5609748304808925,1,0.0,2,0,4,1,1.0
1,3,-0.1584079669560035,0,1,-0.397241430886295,0.059159876663617626,0,6.2375,2,0,3,1,0.0
0,3,-2.012439642499955,4,1,0.1506737441786005,2.5396987052416584,0,6.614583333333333,2,1,0,1,1.0
0,3,-0.23256923397776158,0,0,-0.5084855775921673,-0.5609748304808925,1,6.95,1,0,2,1,1.0
0,3,-0.23256923397776158,0,0,0.48910360681684706,-0.5609748304808925,1,56.4958,2,0,2,3,1.0
1,2,-2.086600909521713,0,2,0.09664633805084172,0.6792945838081278,0,12.334733333333332,0,1,0,0,1.0
1,3,-0.23256923397776158,0,0,-0.49237782784290063,-0.5609748304808925,1,7.75,1,0,2,2,1.0
1,1,2.4372363788055282,0,0,0.962353321387736,-0.5609748304808925,1,80.0,1,2,3,3,0.0
1,3,-1.0483431712171,1,0,-0.3573908580066095,0.059159876663617626,0,7.2271,0,0,3,1,0.0
1,2,-2.099208324915412,1,1,-0.2708962687904854,0.6792945838081278,0,6.25,2,1,0,1,1.0
0,3,-0.23256923397776158,0,0,-0.5028639729296732,-0.5609748304808925,1,7.2292,0,0,2,1,1.0
0,3,-0.45505303504303574,0,0,-0.4902797934380587,-0.5609748304808925,1,7.8542,2,0,2,2,1.0
0,3,-0.825859370151826,0,0,-0.48130374989027985,-0.5609748304808925,1,8.3,2,0,2,2,1.0
1,1,0.7315272373050932,1,1,1.0259447039291216,0.6792945838081278,0,27.71943333333333,0,0,1,3,0.0
0,3,-0.6033755690865519,0,0,-0.47400492578514347,-0.5609748304808925,1,8.6625,2,0,2,0,1.0
0,3,-0.23256923397776158,0,0,-0.4863374216869257,-0.5609748304808925,1,8.05,2,0,2,2,1.0
1,3,0.21239836815278676,0,0,0.48910360681684706,-0.5609748304808925,1,56.4958,2,0,2,3,1.0
1,1,0.8056885043268512,0,0,-0.05042144409739929,-0.5609748304808925,1,29.7,0,0,2,3,1.0
0,3,-0.67753683610831,0,0,-0.4888542575852486,-0.5609748304808925,1,7.925,2,0,2,2,1.0
0,2,-0.9741819041953421,0,0,-0.43700743807979686,-0.5609748304808925,1,10.5,2,0,2,0,1.0
1,1,0.06407583410927065,0,0,-0.024246350754841113,-0.5609748304808925,1,31.0,0,0,1,3,0.0
0,3,0.3978015357071819,0,0,-0.5188046047752911,-0.5609748304808925,1,6.4375,0,0,2,1,1.0
0,3,-0.900020637173584,0,0,-0.47400492578514347,-0.5609748304808925,1,8.6625,2,0,2,0,1.0
0,3,0.9540110383703673,0,0,-0.49640476528021726,-0.5609748304808925,1,7.55,2,0,2,2,1.0
0,3,-0.23256923397776158,8,2,0.7519458402879414,5.64037224096421,0,6.322727272727272,2,0,2,1,1.0
0,3,0.43488216921806094,0,0,-0.4894421904510968,-0.5609748304808925,1,7.8958,0,0,2,2,1.0
0,2,-0.08424669993424547,0,1,0.016023023618325298,0.059159876663617626,0,16.5,2,0,4,0,1.0
1,1,0.8056885043268512,1,0,1.145663540471827,0.059159876663617626,0,44.5521,0,0,3,3,0.0
0,3,-1.8641171084564387,4,2,-0.01870931177853076,3.1598334123861687,0,4.4678571428571425,2,1,0,1,1.0
0,3,3.327171583066625,0,0,-0.4918744606632361,-0.5609748304808925,1,7.775,2,2,2,2,1.0
0,3,-1.4933107733476485,1,1,-0.3414522396297103,0.6792945838081278,0,5.081933333333333,0,1,1,1,0.0
1,1,-0.9741819041953421,0,1,0.14488502161245778,0.059159876663617626,0,19.7,2,0,1,0,0.0
0,2,1.1023335724138834,1,0,-0.12491978668775715,0.059159876663617626,0,13.0,2,0,3,0,0.0
1,3,-0.825859370151826,0,1,-0.4601623283443675,0.059159876663617626,0,4.675,2,0,3,1,0.0
1,1,1.1764948394356414,1,1,2.671117778445337,0.6792945838081278,0,54.95556666666667,2,0,3,3,0.0
1,1,1.6214624415661898,0,0,-0.11384570873513637,-0.5609748304808925,1,26.55,2,2,2,3,1.0
1,3,-0.38089176802127767,0,3,-0.26066180729354516,1.299429290952638,0,4.814575,0,0,3,1,0.0
0,3,-0.23256923397776158,0,0,-0.5028639729296732,-0.5609748304808925,1,7.2292,0,0,2,1,1.0
0,3,0.8798497713486092,2,0,-0.36435544630444866,0.6792945838081278,0,4.702766666666666,2,0,2,1,1.0
0,2,-0.6033755690865519,1,0,-0.41687275089321363,0.059159876663617626,0,5.75,2,0,2,1,1.0
1,1,1.3989786405009157,0,0,-0.1263453225405672,-0.5609748304808925,1,25.9292,2,2,3,3,0.0
0,3,-0.825859370151826,8,2,0.7519458402879414,5.64037224096421,0,6.322727272727272,2,0,1,1,0.0
0,2,-0.38089176802127767,0,0,-0.3866707201133388,-0.5609748304808925,1,13.0,2,0,2,0,1.0
1,2,0.9540110383703673,0,0,-0.3866707201133388,-0.5609748304808925,1,13.0,2,0,3,0,0.0
1,2,-0.1584079669560035,1,0,-0.3693891181010945,0.059159876663617626,0,6.92915,0,0,1,1,0.0
0,1,0.1382371011310287,0,0,0.3682954836973478,-0.5609748304808925,1,50.4958,2,0,2,3,1.0
0,3,-0.23256923397776158,0,0,-0.45714212526638004,-0.5609748304808925,1,9.5,2,0,2,0,1.0
1,3,-1.8641171084564387,1,1,-0.4242561406845337,0.6792945838081278,0,3.7111,2,1,0,1,1.0
0,3,-0.23256923397776158,0,0,-0.4894421904510968,-0.5609748304808925,1,7.8958,2,0,2,2,1.0
1,1,1.3248173734791575,1,1,0.40974072380221066,0.6792945838081278,0,17.518066666666666,2,2,3,0,0.0
0,1,0.2865596351745448,0,0,-0.5477482176060045,-0.5609748304808925,1,5.0,2,0,2,1,1.0
0,3,1.3248173734791575,0,0,-0.46720946885967163,-0.5609748304808925,1,9.0,2,2,2,0,1.0
1,2,-0.08424669993424547,1,0,-0.16518916106092355,0.059159876663617626,0,12.0,0,0,3,0,0.0
1,3,-1.0483431712171,0,0,-0.5029485386158568,-0.5609748304808925,1,7.225,0,0,1,1,0.0
0,3,-0.67753683610831,0,0,-0.45017955043725955,-0.5609748304808925,1,9.8458,2,0,2,0,1.0
0,3,-0.751698103130068,0,0,-0.4894421904510968,-0.5609748304808925,1,7.8958,2,0,2,2,1.0
0,3,-0.23256923397776158,0,0,-0.4894421904510968,-0.5609748304808925,1,7.8958,2,0,2,2,1.0
1,1,1.99226877667498,0,1,1.0259447039291216,0.059159876663617626,0,41.57915,0,2,3,3,0.0
1,2,-0.30673050099951965,0,1,-0.12491978668775715,0.059159876663617626,0,13.0,2,0,3,0,0.0
0,3,0.2865596351745448,0,0,-0.4894421904510968,-0.5609748304808925,1,7.8958,2,0,2,2,1.0
0,3,-0.5292143020647938,0,0,-0.4366711888037809,-0.5609748304808925,1,10.5167,2,0,1,0,0.0
0,2,-0.08424669993424547,0,0,-0.43700743807979686,-0.5609748304808925,1,10.5,2,0,2,0,1.0
0,3,-0.30673050099951965,0,0,-0.5064721088735089,-0.5609748304808925,1,7.05,2,0,2,1,1.0
0,3,0.7315272373050932,0,5,-0.06199888922968463,2.5396987052416584,0,4.854166666666667,1,0,3,1,0.0
0,2,-0.1584079669560035,0,0,-0.3866707201133388,-0.5609748304808925,1,13.0,2,0,4,0,1.0
1,1,-0.751698103130068,0,0,-0.04438103794142432,-0.5609748304808925,1,30.0,2,0,1,3,0.0
0,3,-0.825859370151826,1,2,-0.17626323901354432,1.299429290952638,0,5.8625,2,0,1,1,0.0
1,1,-0.23256923397776158,0,0,-0.04438103794142432,-0.5609748304808925,1,30.0,0,0,2,3,1.0
0,3,0.21239836815278676,0,0,-0.49237782784290063,-0.5609748304808925,1,7.75,1,0,2,2,1.0
